itemID|demandPrediction
1|3
2|0
3|120
4|74
5|1
6|0
7|0
8|1
9|0
10|1
11|0
12|0
13|132
14|0
15|1
16|0
17|0
18|0
19|1
20|0
21|96
22|0
23|0
24|0
25|0
26|95
27|0
28|0
29|0
30|0
31|1
32|0
33|0
34|0
35|1
36|0
37|0
38|0
39|1
40|1
41|1
42|0
43|0
44|0
45|0
46|0
47|0
48|0
49|0
50|0
51|0
52|0
53|0
54|0
55|0
56|0
57|0
58|0
59|0
60|1
61|0
62|1
63|1
64|0
65|0
66|0
67|0
68|1
69|0
70|0
71|0
72|0
73|0
74|0
75|1
76|0
77|0
78|0
79|14
80|0
81|152
82|0
83|0
84|0
85|0
86|25
87|2
88|1
89|0
90|0
91|1
92|1
93|0
94|0
95|1
96|0
97|0
98|0
99|0
100|0
101|142
102|119
103|119
104|0
105|0
106|0
107|0
108|0
109|3
110|0
111|0
112|83
113|1
114|4
115|6
116|1
117|0
118|0
119|0
120|1
121|0
122|0
123|0
124|0
125|0
126|0
127|0
128|5
129|1
130|0
131|0
132|0
133|0
134|0
135|0
136|0
137|0
138|0
139|0
140|0
141|0
142|0
143|3
144|0
145|0
146|155
147|0
148|0
149|0
150|0
151|0
152|0
153|1
154|0
155|0
156|0
157|0
158|1
159|0
160|74
161|0
162|0
163|0
164|0
165|0
166|0
167|0
168|0
169|61
170|1
171|0
172|0
173|2
174|0
175|0
176|0
177|0
178|0
179|0
180|38
181|0
182|1
183|0
184|0
185|0
186|1
187|0
188|3
189|0
190|82
191|2
192|0
193|42
194|1
195|0
196|0
197|0
198|0
199|15
200|0
201|0
202|0
203|95
204|0
205|0
206|3
207|0
208|0
209|3
210|0
211|0
212|2
213|0
214|0
215|0
216|33
217|0
218|0
219|0
220|2
221|2
222|10
223|0
224|0
225|8
226|0
227|0
228|0
229|0
230|0
231|14
232|0
233|1
234|4
235|1
236|1
237|0
238|1
239|0
240|143
241|0
242|0
243|2
244|0
245|0
246|0
247|1
248|0
249|0
250|0
251|51
252|48
253|0
254|0
255|0
256|0
257|10
258|6
259|0
260|41
261|0
262|0
263|0
264|0
265|0
266|0
267|0
268|0
269|0
270|0
271|0
272|0
273|377
274|48
275|162
276|0
277|1
278|0
279|0
280|0
281|0
282|0
283|2
284|40
285|33
286|0
287|0
288|0
289|0
290|2
291|23
292|0
293|34
294|1
295|2
296|0
297|0
298|1
299|0
300|0
301|0
302|0
303|53
304|0
305|0
306|0
307|0
308|0
309|1
310|0
311|3
312|2
313|0
314|0
315|0
316|1
317|0
318|0
319|0
320|1
321|0
322|0
323|0
324|2
325|0
326|0
327|0
328|0
329|1
330|68
331|4
332|59
333|4
334|2
335|126
336|1
337|0
338|0
339|0
340|28
341|1
342|0
343|0
344|0
345|84
346|0
347|0
348|0
349|40
350|0
351|60
352|0
353|0
354|0
355|1
356|31
357|0
358|0
359|0
360|0
361|0
362|0
363|2
364|0
365|0
366|0
367|0
368|1
369|96
370|0
371|1
372|1
373|0
374|0
375|0
376|0
377|131
378|0
379|1
380|2
381|61
382|0
383|50
384|49
385|0
386|0
387|1
388|0
389|69
390|0
391|31
392|24
393|293
394|0
395|0
396|0
397|0
398|0
399|1
400|0
401|0
402|0
403|0
404|0
405|0
406|0
407|0
408|0
409|0
410|0
411|0
412|0
413|0
414|0
415|0
416|0
417|0
418|0
419|0
420|3
421|0
422|2
423|2
424|0
425|0
426|97
427|6
428|0
429|4
430|35
431|22
432|0
433|1
434|153
435|0
436|0
437|0
438|0
439|2
440|0
441|2
442|0
443|129
444|280
445|256
446|257
447|99
448|0
449|0
450|0
451|1
452|0
453|0
454|0
455|0
456|0
457|22
458|95
459|23
460|23
461|33
462|27
463|24
464|2
465|0
466|38
467|0
468|31
469|3
470|2
471|0
472|0
473|2
474|0
475|1
476|0
477|0
478|4
479|81
480|0
481|0
482|0
483|0
484|0
485|49
486|0
487|0
488|0
489|0
490|0
491|0
492|0
493|38
494|1
495|0
496|0
497|0
498|0
499|0
500|0
501|0
502|2
503|1
504|0
505|0
506|0
507|0
508|0
509|0
510|0
511|66
512|83
513|4
514|2
515|4
516|2
517|3
518|0
519|40
520|0
521|2
522|1
523|5
524|40
525|1
526|0
527|21
528|0
529|1
530|0
531|1
532|1
533|0
534|0
535|0
536|0
537|0
538|1
539|0
540|0
541|53
542|0
543|44
544|0
545|1
546|1
547|0
548|0
549|0
550|0
551|0
552|0
553|0
554|34
555|1
556|0
557|0
558|0
559|98
560|170
561|0
562|0
563|0
564|0
565|14
566|0
567|83
568|51
569|0
570|0
571|21
572|37
573|2
574|0
575|45
576|0
577|3
578|53
579|6
580|0
581|1
582|1
583|14
584|0
585|0
586|2
587|0
588|1
589|1
590|58
591|88
592|0
593|0
594|98
595|0
596|0
597|0
598|0
599|55
600|1
601|0
602|2
603|0
604|0
605|0
606|0
607|0
608|0
609|0
610|1
611|0
612|0
613|5
614|1
615|3
616|1
617|1
618|0
619|1
620|2
621|22
622|0
623|52
624|42
625|0
626|0
627|37
628|0
629|36
630|35
631|1
632|1
633|2
634|2
635|0
636|0
637|2
638|0
639|0
640|0
641|93
642|1
643|0
644|0
645|0
646|0
647|0
648|0
649|2
650|0
651|2
652|2
653|0
654|3
655|0
656|0
657|0
658|0
659|0
660|2
661|0
662|0
663|0
664|0
665|0
666|0
667|0
668|0
669|0
670|0
671|49
672|58
673|0
674|1
675|0
676|5
677|0
678|1
679|0
680|0
681|24
682|99
683|1
684|0
685|0
686|0
687|1
688|2
689|127
690|88
691|50
692|42
693|200
694|1
695|0
696|1
697|0
698|0
699|0
700|2
701|0
702|0
703|0
704|0
705|0
706|2
707|2
708|0
709|0
710|3
711|0
712|0
713|2
714|0
715|42
716|0
717|5
718|0
719|1
720|148
721|0
722|1
723|0
724|0
725|0
726|1
727|14
728|0
729|0
730|0
731|0
732|0
733|0
734|0
735|0
736|0
737|0
738|0
739|0
740|1
741|0
742|0
743|0
744|0
745|0
746|0
747|0
748|0
749|0
750|0
751|0
752|0
753|0
754|0
755|0
756|0
757|0
758|0
759|217
760|0
761|190
762|0
763|0
764|0
765|0
766|1
767|0
768|0
769|0
770|0
771|0
772|1
773|8
774|0
775|0
776|0
777|0
778|0
779|0
780|0
781|0
782|81
783|0
784|60
785|0
786|0
787|1
788|0
789|0
790|0
791|0
792|0
793|59
794|0
795|0
796|0
797|0
798|0
799|0
800|33
801|0
802|0
803|2
804|2
805|0
806|0
807|2
808|0
809|0
810|0
811|0
812|0
813|2
814|0
815|200
816|0
817|0
818|0
819|1
820|1
821|7
822|0
823|3
824|0
825|0
826|1
827|1
828|0
829|2
830|0
831|0
832|8
833|0
834|1
835|0
836|0
837|0
838|0
839|0
840|0
841|0
842|0
843|0
844|0
845|0
846|0
847|1
848|2
849|0
850|22
851|1
852|1
853|0
854|0
855|0
856|0
857|0
858|0
859|1
860|0
861|0
862|87
863|28
864|0
865|0
866|0
867|0
868|0
869|0
870|0
871|0
872|0
873|1
874|0
875|0
876|0
877|0
878|0
879|0
880|0
881|0
882|0
883|0
884|61
885|10
886|0
887|0
888|8
889|0
890|0
891|0
892|1
893|1
894|0
895|0
896|0
897|14
898|0
899|0
900|1
901|0
902|0
903|0
904|0
905|0
906|0
907|0
908|0
909|0
910|0
911|1
912|0
913|0
914|0
915|2
916|0
917|4
918|0
919|6
920|0
921|0
922|30
923|4
924|0
925|2
926|3
927|1
928|1
929|0
930|33
931|0
932|1
933|1
934|0
935|0
936|3
937|0
938|0
939|0
940|0
941|0
942|0
943|0
944|1
945|1
946|2
947|0
948|0
949|0
950|0
951|0
952|0
953|0
954|0
955|0
956|6
957|10
958|0
959|6
960|12
961|0
962|1
963|10
964|33
965|13
966|35
967|15
968|0
969|44
970|16
971|2
972|1
973|1
974|0
975|0
976|0
977|0
978|0
979|0
980|0
981|0
982|0
983|0
984|0
985|36
986|1
987|0
988|0
989|0
990|0
991|0
992|0
993|8
994|0
995|0
996|1
997|13
998|3
999|2
1000|0
1001|0
1002|11
1003|0
1004|2
1005|0
1006|0
1007|23
1008|0
1009|0
1010|1
1011|1
1012|0
1013|0
1014|0
1015|21
1016|0
1017|0
1018|0
1019|0
1020|0
1021|0
1022|0
1023|16
1024|1
1025|29
1026|0
1027|1
1028|0
1029|0
1030|1
1031|2
1032|345
1033|0
1034|0
1035|2
1036|0
1037|2
1038|0
1039|0
1040|0
1041|0
1042|0
1043|0
1044|0
1045|22
1046|1
1047|0
1048|0
1049|0
1050|0
1051|0
1052|0
1053|0
1054|1
1055|0
1056|0
1057|0
1058|0
1059|1
1060|3
1061|0
1062|2
1063|1
1064|1
1065|0
1066|22
1067|1
1068|1
1069|2
1070|0
1071|1
1072|1
1073|71
1074|2
1075|0
1076|0
1077|0
1078|0
1079|7
1080|63
1081|0
1082|0
1083|2
1084|0
1085|2
1086|0
1087|4
1088|0
1089|0
1090|4
1091|0
1092|0
1093|0
1094|0
1095|1
1096|1
1097|0
1098|1
1099|0
1100|74
1101|2
1102|0
1103|0
1104|0
1105|1
1106|27
1107|1
1108|0
1109|43
1110|0
1111|0
1112|0
1113|0
1114|5
1115|17
1116|9
1117|2
1118|0
1119|0
1120|1
1121|1
1122|0
1123|0
1124|0
1125|0
1126|99
1127|62
1128|40
1129|68
1130|33
1131|0
1132|23
1133|0
1134|34
1135|35
1136|31
1137|0
1138|0
1139|0
1140|0
1141|1
1142|0
1143|0
1144|5
1145|139
1146|0
1147|0
1148|0
1149|0
1150|0
1151|31
1152|0
1153|2
1154|1
1155|12
1156|0
1157|1
1158|0
1159|1
1160|1
1161|0
1162|0
1163|2
1164|8
1165|0
1166|0
1167|1
1168|0
1169|0
1170|36
1171|22
1172|0
1173|0
1174|0
1175|0
1176|1
1177|0
1178|8
1179|12
1180|14
1181|0
1182|0
1183|0
1184|0
1185|0
1186|0
1187|0
1188|0
1189|0
1190|26
1191|8
1192|3
1193|4
1194|0
1195|0
1196|2
1197|0
1198|0
1199|0
1200|0
1201|0
1202|0
1203|0
1204|0
1205|0
1206|0
1207|10
1208|0
1209|0
1210|0
1211|2
1212|0
1213|0
1214|1
1215|0
1216|1
1217|1
1218|0
1219|0
1220|0
1221|102
1222|0
1223|54
1224|1
1225|3
1226|2
1227|4
1228|123
1229|1
1230|2
1231|0
1232|0
1233|0
1234|31
1235|0
1236|55
1237|1
1238|104
1239|3
1240|5
1241|4
1242|64
1243|64
1244|4
1245|1
1246|0
1247|2
1248|4
1249|0
1250|1
1251|1
1252|32
1253|2
1254|0
1255|1
1256|57
1257|29
1258|0
1259|2
1260|0
1261|33
1262|0
1263|1
1264|0
1265|1
1266|0
1267|0
1268|8
1269|0
1270|23
1271|0
1272|1
1273|1
1274|0
1275|34
1276|1
1277|3
1278|0
1279|1
1280|18
1281|6
1282|86
1283|0
1284|0
1285|23
1286|0
1287|0
1288|2
1289|1
1290|14
1291|56
1292|109
1293|0
1294|2
1295|1
1296|2
1297|0
1298|2
1299|3
1300|2
1301|0
1302|0
1303|78
1304|0
1305|2
1306|38
1307|2
1308|273
1309|2
1310|2
1311|0
1312|1
1313|0
1314|0
1315|0
1316|0
1317|0
1318|0
1319|0
1320|3
1321|0
1322|0
1323|0
1324|1
1325|1
1326|3
1327|3
1328|35
1329|0
1330|3
1331|1
1332|0
1333|0
1334|6
1335|58
1336|1
1337|0
1338|4
1339|0
1340|0
1341|5
1342|47
1343|2
1344|1
1345|0
1346|2
1347|10
1348|0
1349|10
1350|15
1351|2
1352|0
1353|0
1354|27
1355|1
1356|1
1357|52
1358|1
1359|62
1360|0
1361|1
1362|0
1363|0
1364|1
1365|0
1366|0
1367|0
1368|0
1369|1
1370|99
1371|139
1372|165
1373|140
1374|162
1375|148
1376|0
1377|131
1378|126
1379|109
1380|130
1381|1
1382|0
1383|0
1384|2
1385|0
1386|1
1387|0
1388|0
1389|1
1390|0
1391|0
1392|1
1393|0
1394|0
1395|32
1396|0
1397|32
1398|1
1399|24
1400|25
1401|0
1402|0
1403|7
1404|1
1405|0
1406|53
1407|100
1408|0
1409|0
1410|0
1411|10
1412|0
1413|0
1414|0
1415|0
1416|0
1417|0
1418|0
1419|0
1420|1
1421|0
1422|0
1423|10
1424|0
1425|0
1426|259
1427|96
1428|141
1429|110
1430|92
1431|12
1432|4
1433|0
1434|1
1435|0
1436|0
1437|0
1438|0
1439|0
1440|0
1441|0
1442|0
1443|97
1444|96
1445|23
1446|49
1447|0
1448|0
1449|97
1450|68
1451|1
1452|22
1453|6
1454|2
1455|1
1456|49
1457|25
1458|0
1459|0
1460|0
1461|0
1462|0
1463|0
1464|0
1465|0
1466|0
1467|0
1468|0
1469|0
1470|0
1471|22
1472|0
1473|1
1474|0
1475|2
1476|0
1477|0
1478|0
1479|0
1480|1
1481|2
1482|0
1483|0
1484|0
1485|0
1486|1
1487|1
1488|0
1489|0
1490|2
1491|0
1492|1
1493|23
1494|0
1495|2
1496|0
1497|10
1498|23
1499|0
1500|33
1501|0
1502|2
1503|102
1504|0
1505|0
1506|34
1507|90
1508|0
1509|25
1510|6
1511|2
1512|96
1513|1
1514|2
1515|0
1516|0
1517|1
1518|0
1519|0
1520|1
1521|0
1522|0
1523|0
1524|0
1525|2
1526|0
1527|1
1528|1
1529|0
1530|8
1531|0
1532|0
1533|2
1534|0
1535|23
1536|0
1537|2
1538|0
1539|0
1540|0
1541|162
1542|99
1543|119
1544|0
1545|96
1546|0
1547|1
1548|0
1549|140
1550|99
1551|0
1552|97
1553|0
1554|1
1555|4
1556|4
1557|3
1558|2
1559|69
1560|100
1561|0
1562|34
1563|6
1564|0
1565|0
1566|0
1567|36
1568|38
1569|0
1570|0
1571|7
1572|25
1573|0
1574|34
1575|37
1576|48
1577|0
1578|40
1579|0
1580|0
1581|0
1582|0
1583|0
1584|75
1585|0
1586|49
1587|50
1588|131
1589|73
1590|90
1591|97
1592|141
1593|98
1594|0
1595|0
1596|129
1597|35
1598|0
1599|0
1600|0
1601|0
1602|0
1603|0
1604|0
1605|76
1606|97
1607|40
1608|104
1609|51
1610|87
1611|98
1612|109
1613|34
1614|63
1615|23
1616|28
1617|6
1618|0
1619|24
1620|42
1621|250
1622|0
1623|0
1624|0
1625|0
1626|96
1627|122
1628|0
1629|96
1630|0
1631|8
1632|13
1633|10
1634|9
1635|99
1636|0
1637|96
1638|0
1639|50
1640|100
1641|0
1642|4
1643|0
1644|0
1645|0
1646|0
1647|0
1648|0
1649|0
1650|0
1651|0
1652|0
1653|0
1654|0
1655|0
1656|0
1657|0
1658|0
1659|0
1660|0
1661|0
1662|0
1663|0
1664|0
1665|0
1666|0
1667|0
1668|0
1669|0
1670|0
1671|0
1672|0
1673|163
1674|163
1675|122
1676|169
1677|6
1678|124
1679|101
1680|124
1681|130
1682|96
1683|0
1684|56
1685|0
1686|102
1687|98
1688|99
1689|0
1690|163
1691|183
1692|124
1693|166
1694|0
1695|185
1696|164
1697|162
1698|164
1699|99
1700|443
1701|7
1702|183
1703|274
1704|227
1705|252
1706|164
1707|96
1708|167
1709|162
1710|0
1711|0
1712|0
1713|0
1714|0
1715|0
1716|0
1717|0
1718|0
1719|0
1720|0
1721|0
1722|0
1723|0
1724|6
1725|7
1726|0
1727|0
1728|0
1729|8
1730|8
1731|21
1732|0
1733|0
1734|0
1735|0
1736|0
1737|0
1738|0
1739|0
1740|0
1741|0
1742|0
1743|0
1744|0
1745|0
1746|0
1747|0
1748|0
1749|0
1750|0
1751|0
1752|0
1753|0
1754|0
1755|0
1756|0
1757|0
1758|0
1759|0
1760|0
1761|0
1762|0
1763|0
1764|0
1765|0
1766|0
1767|0
1768|50
1769|0
1770|8
1771|6
1772|6
1773|0
1774|6
1775|8
1776|165
1777|101
1778|23
1779|0
1780|3
1781|0
1782|0
1783|14
1784|20
1785|16
1786|13
1787|0
1788|0
1789|0
1790|0
1791|0
1792|0
1793|0
1794|0
1795|0
1796|0
1797|0
1798|0
1799|0
1800|0
1801|0
1802|0
1803|0
1804|0
1805|0
1806|0
1807|0
1808|0
1809|0
1810|0
1811|0
1812|0
1813|0
1814|1
1815|2
1816|0
1817|0
1818|8
1819|1
1820|0
1821|0
1822|3
1823|0
1824|2
1825|2
1826|0
1827|60
1828|0
1829|0
1830|9
1831|3
1832|2
1833|0
1834|2
1835|0
1836|47
1837|1
1838|107
1839|1
1840|0
1841|1
1842|51
1843|0
1844|1
1845|7
1846|0
1847|3
1848|4
1849|5
1850|2
1851|1
1852|2
1853|2
1854|0
1855|2
1856|0
1857|0
1858|0
1859|3
1860|0
1861|0
1862|0
1863|0
1864|0
1865|0
1866|1
1867|1
1868|0
1869|1
1870|0
1871|1
1872|0
1873|0
1874|1
1875|3
1876|51
1877|2
1878|4
1879|4
1880|3
1881|0
1882|0
1883|1
1884|0
1885|0
1886|0
1887|3
1888|0
1889|1
1890|1
1891|6
1892|7
1893|0
1894|41
1895|0
1896|3
1897|1
1898|0
1899|0
1900|1
1901|1
1902|54
1903|0
1904|0
1905|1
1906|2
1907|45
1908|0
1909|0
1910|0
1911|0
1912|0
1913|6
1914|0
1915|0
1916|0
1917|0
1918|1
1919|0
1920|0
1921|0
1922|1
1923|0
1924|0
1925|0
1926|0
1927|0
1928|0
1929|4
1930|4
1931|0
1932|14
1933|1
1934|7
1935|0
1936|0
1937|5
1938|4
1939|5
1940|1
1941|8
1942|0
1943|0
1944|0
1945|0
1946|0
1947|0
1948|0
1949|0
1950|0
1951|0
1952|0
1953|0
1954|0
1955|0
1956|0
1957|1
1958|0
1959|0
1960|0
1961|0
1962|2
1963|2
1964|2
1965|0
1966|0
1967|0
1968|0
1969|1
1970|0
1971|0
1972|0
1973|0
1974|0
1975|0
1976|0
1977|0
1978|0
1979|0
1980|0
1981|8
1982|1
1983|0
1984|3
1985|0
1986|0
1987|0
1988|0
1989|0
1990|1
1991|2
1992|5
1993|0
1994|0
1995|0
1996|0
1997|0
1998|0
1999|0
2000|0
2001|0
2002|0
2003|1
2004|1
2005|0
2006|0
2007|0
2008|1
2009|0
2010|0
2011|0
2012|0
2013|0
2014|0
2015|0
2016|1
2017|0
2018|0
2019|4
2020|3
2021|0
2022|1
2023|6
2024|0
2025|2
2026|1
2027|3
2028|0
2029|7
2030|0
2031|1
2032|1
2033|7
2034|0
2035|10
2036|74
2037|16
2038|0
2039|1
2040|1
2041|1
2042|0
2043|0
2044|67
2045|2
2046|0
2047|0
2048|0
2049|0
2050|0
2051|0
2052|0
2053|0
2054|0
2055|0
2056|0
2057|0
2058|0
2059|0
2060|0
2061|13
2062|0
2063|0
2064|9
2065|0
2066|2
2067|0
2068|0
2069|3
2070|0
2071|0
2072|4
2073|0
2074|0
2075|1
2076|1
2077|0
2078|0
2079|0
2080|0
2081|0
2082|0
2083|0
2084|0
2085|0
2086|9
2087|0
2088|0
2089|0
2090|1
2091|26
2092|2
2093|0
2094|3
2095|6
2096|0
2097|3
2098|3
2099|2
2100|2
2101|1
2102|5
2103|14
2104|6
2105|3
2106|0
2107|1
2108|0
2109|3
2110|1
2111|4
2112|0
2113|0
2114|0
2115|0
2116|0
2117|0
2118|0
2119|1
2120|0
2121|0
2122|6
2123|1
2124|0
2125|0
2126|8
2127|1
2128|1
2129|2
2130|0
2131|0
2132|1
2133|3
2134|57
2135|7
2136|0
2137|0
2138|0
2139|2
2140|0
2141|0
2142|0
2143|0
2144|2
2145|1
2146|1
2147|93
2148|0
2149|0
2150|0
2151|2
2152|0
2153|50
2154|0
2155|1
2156|0
2157|1
2158|0
2159|0
2160|0
2161|0
2162|0
2163|0
2164|0
2165|0
2166|12
2167|0
2168|84
2169|3
2170|9
2171|10
2172|0
2173|0
2174|0
2175|7
2176|0
2177|0
2178|5
2179|4
2180|7
2181|4
2182|4
2183|0
2184|0
2185|0
2186|0
2187|0
2188|0
2189|0
2190|0
2191|4
2192|0
2193|0
2194|0
2195|42
2196|1
2197|0
2198|3
2199|1
2200|0
2201|0
2202|2
2203|1
2204|1
2205|0
2206|0
2207|0
2208|0
2209|0
2210|2
2211|0
2212|0
2213|1
2214|58
2215|0
2216|0
2217|3
2218|3
2219|0
2220|0
2221|0
2222|0
2223|0
2224|1
2225|0
2226|0
2227|0
2228|0
2229|0
2230|0
2231|11
2232|0
2233|0
2234|0
2235|0
2236|0
2237|0
2238|0
2239|0
2240|0
2241|0
2242|0
2243|1
2244|0
2245|0
2246|0
2247|2
2248|0
2249|0
2250|1
2251|1
2252|0
2253|0
2254|0
2255|2
2256|0
2257|0
2258|0
2259|1
2260|0
2261|0
2262|0
2263|0
2264|1
2265|0
2266|0
2267|0
2268|1
2269|0
2270|1
2271|0
2272|0
2273|0
2274|0
2275|0
2276|0
2277|0
2278|0
2279|0
2280|0
2281|0
2282|0
2283|0
2284|0
2285|2
2286|0
2287|2
2288|0
2289|2
2290|0
2291|3
2292|0
2293|0
2294|0
2295|0
2296|0
2297|0
2298|0
2299|0
2300|0
2301|0
2302|0
2303|0
2304|2
2305|1
2306|0
2307|0
2308|0
2309|1
2310|31
2311|0
2312|0
2313|0
2314|0
2315|21
2316|0
2317|0
2318|16
2319|0
2320|0
2321|1
2322|0
2323|0
2324|0
2325|0
2326|0
2327|0
2328|0
2329|0
2330|1
2331|9
2332|1
2333|0
2334|0
2335|0
2336|1
2337|0
2338|0
2339|0
2340|0
2341|0
2342|0
2343|0
2344|1
2345|0
2346|3
2347|0
2348|1
2349|0
2350|3
2351|2
2352|2
2353|4
2354|1
2355|3
2356|4
2357|3
2358|4
2359|5
2360|4
2361|45
2362|2
2363|0
2364|0
2365|0
2366|0
2367|0
2368|3
2369|3
2370|8
2371|1
2372|1
2373|0
2374|7
2375|3
2376|0
2377|0
2378|1
2379|2
2380|2
2381|2
2382|0
2383|2
2384|7
2385|1
2386|1
2387|124
2388|62
2389|72
2390|50
2391|122
2392|125
2393|54
2394|53
2395|126
2396|52
2397|68
2398|256
2399|132
2400|64
2401|85
2402|0
2403|24
2404|0
2405|0
2406|0
2407|0
2408|0
2409|0
2410|0
2411|0
2412|0
2413|0
2414|0
2415|0
2416|0
2417|0
2418|0
2419|0
2420|0
2421|0
2422|0
2423|0
2424|0
2425|0
2426|0
2427|0
2428|1
2429|2
2430|0
2431|29
2432|1
2433|0
2434|0
2435|0
2436|0
2437|0
2438|0
2439|0
2440|0
2441|0
2442|2
2443|0
2444|0
2445|0
2446|1
2447|0
2448|5
2449|0
2450|0
2451|0
2452|0
2453|0
2454|0
2455|0
2456|0
2457|0
2458|0
2459|0
2460|0
2461|0
2462|1
2463|0
2464|0
2465|0
2466|0
2467|0
2468|0
2469|0
2470|0
2471|0
2472|0
2473|0
2474|0
2475|1
2476|6
2477|1
2478|0
2479|1
2480|0
2481|0
2482|3
2483|0
2484|0
2485|1
2486|1
2487|1
2488|0
2489|1
2490|0
2491|1
2492|0
2493|0
2494|0
2495|0
2496|0
2497|0
2498|0
2499|0
2500|0
2501|6
2502|37
2503|0
2504|0
2505|0
2506|0
2507|0
2508|0
2509|0
2510|0
2511|0
2512|0
2513|0
2514|0
2515|0
2516|0
2517|0
2518|1
2519|0
2520|0
2521|0
2522|0
2523|0
2524|0
2525|0
2526|0
2527|0
2528|0
2529|7
2530|108
2531|7
2532|54
2533|5
2534|0
2535|109
2536|0
2537|207
2538|7
2539|0
2540|0
2541|0
2542|0
2543|41
2544|0
2545|4
2546|0
2547|0
2548|0
2549|0
2550|0
2551|0
2552|0
2553|0
2554|18
2555|0
2556|0
2557|0
2558|0
2559|0
2560|0
2561|2
2562|0
2563|0
2564|0
2565|0
2566|0
2567|0
2568|0
2569|0
2570|92
2571|0
2572|3
2573|0
2574|0
2575|1
2576|0
2577|22
2578|0
2579|0
2580|0
2581|0
2582|1
2583|6
2584|7
2585|0
2586|0
2587|0
2588|0
2589|1
2590|0
2591|0
2592|0
2593|0
2594|0
2595|0
2596|0
2597|0
2598|0
2599|2
2600|0
2601|0
2602|0
2603|0
2604|0
2605|0
2606|0
2607|1
2608|0
2609|0
2610|0
2611|0
2612|0
2613|0
2614|4
2615|0
2616|0
2617|0
2618|2
2619|3
2620|4
2621|6
2622|5
2623|0
2624|2
2625|3
2626|1
2627|3
2628|3
2629|4
2630|2
2631|4
2632|0
2633|0
2634|0
2635|0
2636|0
2637|0
2638|0
2639|0
2640|0
2641|0
2642|0
2643|0
2644|0
2645|0
2646|0
2647|0
2648|0
2649|0
2650|0
2651|0
2652|0
2653|0
2654|0
2655|0
2656|0
2657|0
2658|0
2659|0
2660|0
2661|17
2662|0
2663|0
2664|0
2665|0
2666|0
2667|0
2668|0
2669|0
2670|16
2671|0
2672|0
2673|12
2674|0
2675|0
2676|0
2677|0
2678|4
2679|6
2680|8
2681|0
2682|0
2683|0
2684|1
2685|1
2686|0
2687|0
2688|31
2689|0
2690|0
2691|0
2692|0
2693|0
2694|1
2695|0
2696|1
2697|0
2698|0
2699|1
2700|1
2701|0
2702|1
2703|0
2704|0
2705|0
2706|1
2707|0
2708|40
2709|1
2710|0
2711|0
2712|2
2713|0
2714|0
2715|0
2716|23
2717|0
2718|0
2719|3
2720|0
2721|0
2722|0
2723|0
2724|0
2725|0
2726|1
2727|1
2728|0
2729|1
2730|0
2731|0
2732|0
2733|0
2734|0
2735|0
2736|4
2737|1
2738|0
2739|0
2740|0
2741|0
2742|0
2743|2
2744|1
2745|0
2746|0
2747|0
2748|0
2749|0
2750|0
2751|2
2752|0
2753|0
2754|46
2755|0
2756|0
2757|100
2758|0
2759|0
2760|0
2761|0
2762|0
2763|0
2764|0
2765|0
2766|2
2767|0
2768|0
2769|0
2770|0
2771|0
2772|0
2773|46
2774|101
2775|99
2776|325
2777|0
2778|0
2779|0
2780|0
2781|1
2782|2
2783|1
2784|0
2785|0
2786|0
2787|0
2788|1
2789|2
2790|0
2791|0
2792|0
2793|0
2794|2
2795|0
2796|0
2797|0
2798|0
2799|0
2800|0
2801|0
2802|0
2803|0
2804|1
2805|0
2806|0
2807|0
2808|0
2809|0
2810|0
2811|0
2812|0
2813|0
2814|0
2815|0
2816|0
2817|0
2818|0
2819|0
2820|50
2821|0
2822|0
2823|7
2824|0
2825|0
2826|0
2827|0
2828|0
2829|0
2830|0
2831|0
2832|0
2833|0
2834|0
2835|0
2836|0
2837|0
2838|0
2839|0
2840|0
2841|0
2842|0
2843|0
2844|0
2845|0
2846|0
2847|0
2848|0
2849|0
2850|0
2851|2
2852|0
2853|0
2854|1
2855|4
2856|5
2857|0
2858|5
2859|0
2860|0
2861|0
2862|2
2863|14
2864|124
2865|100
2866|96
2867|98
2868|107
2869|27
2870|97
2871|96
2872|68
2873|40
2874|126
2875|16
2876|54
2877|1
2878|0
2879|0
2880|0
2881|57
2882|4
2883|0
2884|4
2885|1
2886|2
2887|0
2888|47
2889|2
2890|0
2891|0
2892|0
2893|32
2894|2
2895|0
2896|1
2897|4
2898|4
2899|1
2900|1
2901|39
2902|0
2903|0
2904|2
2905|4
2906|2
2907|0
2908|2
2909|0
2910|0
2911|96
2912|70
2913|0
2914|0
2915|1
2916|0
2917|0
2918|3
2919|14
2920|3
2921|0
2922|5
2923|0
2924|0
2925|2
2926|0
2927|14
2928|10
2929|2
2930|0
2931|8
2932|6
2933|4
2934|8
2935|0
2936|2
2937|2
2938|0
2939|0
2940|0
2941|0
2942|0
2943|0
2944|0
2945|4
2946|33
2947|0
2948|0
2949|0
2950|0
2951|0
2952|0
2953|0
2954|0
2955|0
2956|0
2957|0
2958|0
2959|0
2960|0
2961|0
2962|0
2963|0
2964|0
2965|0
2966|0
2967|0
2968|0
2969|0
2970|0
2971|0
2972|0
2973|0
2974|0
2975|0
2976|0
2977|0
2978|0
2979|0
2980|0
2981|0
2982|0
2983|0
2984|0
2985|0
2986|0
2987|0
2988|0
2989|0
2990|0
2991|0
2992|0
2993|0
2994|0
2995|0
2996|0
2997|0
2998|0
2999|0
3000|0
3001|0
3002|0
3003|0
3004|0
3005|0
3006|0
3007|0
3008|0
3009|0
3010|0
3011|0
3012|0
3013|0
3014|0
3015|0
3016|0
3017|0
3018|0
3019|0
3020|0
3021|0
3022|0
3023|0
3024|0
3025|0
3026|0
3027|0
3028|0
3029|0
3030|0
3031|0
3032|0
3033|0
3034|0
3035|0
3036|0
3037|0
3038|0
3039|0
3040|0
3041|0
3042|0
3043|0
3044|0
3045|0
3046|0
3047|0
3048|0
3049|0
3050|0
3051|0
3052|0
3053|0
3054|0
3055|0
3056|0
3057|0
3058|0
3059|0
3060|0
3061|0
3062|0
3063|0
3064|0
3065|0
3066|0
3067|0
3068|0
3069|0
3070|0
3071|0
3072|0
3073|0
3074|0
3075|0
3076|0
3077|0
3078|0
3079|0
3080|0
3081|0
3082|0
3083|0
3084|0
3085|0
3086|0
3087|0
3088|0
3089|0
3090|1
3091|5
3092|0
3093|0
3094|0
3095|0
3096|0
3097|0
3098|0
3099|0
3100|1
3101|0
3102|0
3103|11
3104|0
3105|0
3106|0
3107|0
3108|0
3109|0
3110|0
3111|0
3112|0
3113|0
3114|0
3115|0
3116|0
3117|0
3118|0
3119|0
3120|2
3121|1
3122|1
3123|0
3124|0
3125|0
3126|0
3127|0
3128|0
3129|1
3130|0
3131|43
3132|45
3133|0
3134|1
3135|0
3136|0
3137|139
3138|0
3139|2
3140|1
3141|1
3142|2
3143|0
3144|0
3145|0
3146|0
3147|0
3148|0
3149|1
3150|0
3151|0
3152|0
3153|0
3154|0
3155|0
3156|0
3157|1
3158|1
3159|1
3160|0
3161|144
3162|0
3163|0
3164|0
3165|0
3166|0
3167|3
3168|45
3169|1
3170|1
3171|0
3172|0
3173|8
3174|0
3175|7
3176|2
3177|0
3178|0
3179|0
3180|0
3181|0
3182|0
3183|0
3184|0
3185|1
3186|0
3187|0
3188|1
3189|22
3190|0
3191|0
3192|83
3193|2
3194|3
3195|0
3196|3
3197|2
3198|6
3199|0
3200|0
3201|0
3202|0
3203|0
3204|0
3205|0
3206|0
3207|0
3208|0
3209|0
3210|0
3211|0
3212|0
3213|0
3214|0
3215|1
3216|0
3217|0
3218|0
3219|0
3220|0
3221|0
3222|0
3223|0
3224|10
3225|0
3226|0
3227|0
3228|0
3229|0
3230|0
3231|0
3232|0
3233|0
3234|0
3235|0
3236|0
3237|0
3238|0
3239|0
3240|0
3241|0
3242|0
3243|0
3244|0
3245|0
3246|41
3247|3
3248|50
3249|1
3250|1
3251|0
3252|0
3253|0
3254|0
3255|0
3256|0
3257|0
3258|0
3259|0
3260|0
3261|0
3262|1
3263|0
3264|1
3265|0
3266|0
3267|0
3268|0
3269|0
3270|0
3271|0
3272|0
3273|33
3274|0
3275|0
3276|0
3277|0
3278|0
3279|6
3280|0
3281|0
3282|41
3283|0
3284|51
3285|8
3286|49
3287|0
3288|2
3289|0
3290|9
3291|2
3292|1
3293|47
3294|2
3295|2
3296|1
3297|1
3298|6
3299|63
3300|3
3301|12
3302|0
3303|4
3304|2
3305|6
3306|0
3307|7
3308|1
3309|48
3310|0
3311|0
3312|0
3313|3
3314|1
3315|0
3316|1
3317|8
3318|0
3319|3
3320|0
3321|4
3322|0
3323|3
3324|1
3325|0
3326|0
3327|7
3328|0
3329|2
3330|0
3331|2
3332|0
3333|3
3334|18
3335|0
3336|1
3337|4
3338|0
3339|66
3340|0
3341|16
3342|36
3343|0
3344|50
3345|1
3346|0
3347|57
3348|44
3349|3
3350|47
3351|90
3352|126
3353|4
3354|51
3355|44
3356|0
3357|65
3358|80
3359|65
3360|8
3361|45
3362|53
3363|47
3364|62
3365|0
3366|4
3367|1
3368|8
3369|63
3370|47
3371|44
3372|103
3373|4
3374|48
3375|114
3376|0
3377|0
3378|0
3379|1
3380|1
3381|0
3382|38
3383|0
3384|62
3385|0
3386|1
3387|0
3388|0
3389|0
3390|0
3391|0
3392|0
3393|1
3394|1
3395|23
3396|0
3397|0
3398|5
3399|0
3400|0
3401|0
3402|0
3403|0
3404|0
3405|5
3406|0
3407|0
3408|0
3409|0
3410|0
3411|0
3412|0
3413|3
3414|0
3415|0
3416|0
3417|0
3418|4
3419|0
3420|3
3421|0
3422|0
3423|3
3424|0
3425|1
3426|0
3427|0
3428|3
3429|0
3430|0
3431|0
3432|1
3433|1
3434|0
3435|0
3436|0
3437|0
3438|0
3439|0
3440|0
3441|49
3442|0
3443|0
3444|4
3445|0
3446|71
3447|0
3448|0
3449|0
3450|0
3451|0
3452|0
3453|0
3454|1
3455|0
3456|0
3457|0
3458|4
3459|0
3460|0
3461|0
3462|0
3463|3
3464|59
3465|1
3466|59
3467|34
3468|0
3469|0
3470|0
3471|100
3472|2
3473|0
3474|1
3475|0
3476|0
3477|0
3478|0
3479|1
3480|0
3481|1
3482|0
3483|1
3484|0
3485|2
3486|0
3487|0
3488|61
3489|0
3490|5
3491|1
3492|8
3493|38
3494|1
3495|1
3496|0
3497|1
3498|0
3499|0
3500|103
3501|1
3502|85
3503|0
3504|0
3505|0
3506|2
3507|1
3508|0
3509|58
3510|2
3511|4
3512|0
3513|0
3514|96
3515|45
3516|0
3517|1
3518|4
3519|0
3520|3
3521|0
3522|2
3523|98
3524|59
3525|59
3526|59
3527|5
3528|53
3529|0
3530|1
3531|0
3532|86
3533|1
3534|0
3535|4
3536|2
3537|1
3538|0
3539|4
3540|0
3541|2
3542|98
3543|0
3544|3
3545|3
3546|0
3547|1
3548|0
3549|4
3550|58
3551|3
3552|0
3553|2
3554|2
3555|2
3556|25
3557|0
3558|2
3559|0
3560|1
3561|0
3562|6
3563|0
3564|3
3565|2
3566|40
3567|0
3568|0
3569|0
3570|9
3571|0
3572|0
3573|0
3574|0
3575|0
3576|0
3577|0
3578|0
3579|0
3580|0
3581|1
3582|0
3583|1
3584|57
3585|59
3586|3
3587|0
3588|4
3589|2
3590|0
3591|4
3592|0
3593|115
3594|9
3595|0
3596|0
3597|0
3598|0
3599|29
3600|19
3601|0
3602|0
3603|0
3604|6
3605|40
3606|1
3607|72
3608|1
3609|0
3610|0
3611|0
3612|29
3613|0
3614|0
3615|0
3616|0
3617|0
3618|0
3619|0
3620|55
3621|1
3622|0
3623|5
3624|0
3625|137
3626|1
3627|53
3628|0
3629|1
3630|0
3631|102
3632|59
3633|47
3634|51
3635|39
3636|1
3637|2
3638|65
3639|140
3640|0
3641|58
3642|42
3643|100
3644|1
3645|129
3646|96
3647|209
3648|255
3649|126
3650|205
3651|216
3652|167
3653|147
3654|0
3655|206
3656|130
3657|46
3658|99
3659|102
3660|213
3661|3
3662|3
3663|34
3664|62
3665|44
3666|0
3667|58
3668|57
3669|122
3670|59
3671|39
3672|74
3673|3
3674|60
3675|74
3676|0
3677|1
3678|2
3679|27
3680|0
3681|2
3682|2
3683|0
3684|0
3685|0
3686|48
3687|17
3688|3
3689|13
3690|1
3691|1
3692|0
3693|1
3694|0
3695|59
3696|63
3697|60
3698|44
3699|83
3700|47
3701|60
3702|199
3703|3
3704|36
3705|59
3706|46
3707|4
3708|59
3709|0
3710|131
3711|46
3712|58
3713|57
3714|57
3715|62
3716|4
3717|54
3718|4
3719|47
3720|50
3721|5
3722|51
3723|54
3724|49
3725|55
3726|120
3727|53
3728|2
3729|1
3730|0
3731|0
3732|53
3733|67
3734|3
3735|0
3736|1
3737|0
3738|58
3739|7
3740|0
3741|0
3742|1
3743|2
3744|6
3745|2
3746|1
3747|2
3748|1
3749|2
3750|2
3751|4
3752|3
3753|5
3754|3
3755|5
3756|10
3757|0
3758|1
3759|0
3760|5
3761|2
3762|3
3763|6
3764|5
3765|3
3766|1
3767|10
3768|2
3769|3
3770|1
3771|0
3772|96
3773|6
3774|0
3775|56
3776|0
3777|0
3778|0
3779|10
3780|0
3781|2
3782|2
3783|6
3784|1
3785|0
3786|0
3787|58
3788|45
3789|97
3790|47
3791|1
3792|2
3793|53
3794|0
3795|3
3796|64
3797|45
3798|0
3799|3
3800|58
3801|1
3802|1
3803|2
3804|80
3805|97
3806|2
3807|90
3808|51
3809|2
3810|47
3811|0
3812|0
3813|0
3814|0
3815|0
3816|60
3817|92
3818|0
3819|0
3820|95
3821|51
3822|48
3823|2
3824|0
3825|49
3826|47
3827|0
3828|58
3829|0
3830|1
3831|0
3832|1
3833|1
3834|44
3835|42
3836|4
3837|0
3838|1
3839|0
3840|0
3841|12
3842|0
3843|16
3844|0
3845|18
3846|0
3847|49
3848|46
3849|0
3850|47
3851|2
3852|67
3853|0
3854|0
3855|2
3856|0
3857|51
3858|0
3859|3
3860|2
3861|5
3862|5
3863|6
3864|4
3865|45
3866|45
3867|0
3868|0
3869|2
3870|1
3871|8
3872|6
3873|0
3874|82
3875|1
3876|5
3877|4
3878|1
3879|3
3880|0
3881|4
3882|0
3883|0
3884|0
3885|0
3886|2
3887|78
3888|10
3889|7
3890|46
3891|2
3892|44
3893|59
3894|3
3895|38
3896|8
3897|39
3898|23
3899|36
3900|3
3901|48
3902|1
3903|4
3904|2
3905|2
3906|5
3907|48
3908|1
3909|3
3910|2
3911|1
3912|0
3913|0
3914|2
3915|0
3916|1
3917|4
3918|1
3919|3
3920|64
3921|2
3922|38
3923|3
3924|0
3925|3
3926|4
3927|2
3928|98
3929|98
3930|49
3931|128
3932|68
3933|104
3934|96
3935|96
3936|110
3937|126
3938|96
3939|0
3940|151
3941|0
3942|0
3943|0
3944|68
3945|52
3946|52
3947|74
3948|50
3949|35
3950|0
3951|123
3952|88
3953|125
3954|86
3955|0
3956|84
3957|130
3958|50
3959|98
3960|56
3961|128
3962|0
3963|124
3964|290
3965|349
3966|130
3967|229
3968|0
3969|1
3970|0
3971|2
3972|1
3973|0
3974|1
3975|0
3976|8
3977|0
3978|3
3979|3
3980|1
3981|1
3982|6
3983|2
3984|2
3985|2
3986|2
3987|0
3988|1
3989|0
3990|3
3991|0
3992|0
3993|0
3994|4
3995|3
3996|1
3997|0
3998|2
3999|51
4000|3
4001|2
4002|0
4003|47
4004|0
4005|3
4006|1
4007|42
4008|0
4009|68
4010|2
4011|6
4012|0
4013|0
4014|4
4015|96
4016|16
4017|41
4018|128
4019|45
4020|6
4021|45
4022|26
4023|2
4024|28
4025|0
4026|53
4027|0
4028|38
4029|9
4030|0
4031|5
4032|2
4033|35
4034|42
4035|84
4036|27
4037|80
4038|1
4039|63
4040|53
4041|6
4042|50
4043|38
4044|58
4045|52
4046|47
4047|44
4048|12
4049|45
4050|44
4051|1
4052|47
4053|47
4054|45
4055|47
4056|46
4057|4
4058|44
4059|3
4060|47
4061|8
4062|4
4063|5
4064|6
4065|140
4066|0
4067|51
4068|2
4069|6
4070|10
4071|6
4072|142
4073|2
4074|8
4075|0
4076|6
4077|2
4078|97
4079|4
4080|6
4081|0
4082|2
4083|47
4084|1
4085|47
4086|153
4087|5
4088|0
4089|0
4090|0
4091|0
4092|0
4093|0
4094|0
4095|0
4096|0
4097|0
4098|0
4099|0
4100|0
4101|0
4102|0
4103|0
4104|0
4105|0
4106|0
4107|0
4108|0
4109|0
4110|0
4111|0
4112|0
4113|0
4114|0
4115|0
4116|0
4117|0
4118|0
4119|0
4120|0
4121|0
4122|4
4123|536
4124|0
4125|186
4126|0
4127|0
4128|0
4129|0
4130|0
4131|0
4132|0
4133|0
4134|0
4135|0
4136|0
4137|0
4138|0
4139|0
4140|0
4141|0
4142|0
4143|0
4144|0
4145|0
4146|0
4147|0
4148|0
4149|0
4150|0
4151|0
4152|0
4153|4
4154|144
4155|68
4156|163
4157|125
4158|100
4159|132
4160|0
4161|124
4162|96
4163|122
4164|99
4165|100
4166|99
4167|142
4168|105
4169|207
4170|0
4171|119
4172|2
4173|163
4174|0
4175|0
4176|0
4177|0
4178|0
4179|0
4180|0
4181|163
4182|0
4183|0
4184|162
4185|0
4186|123
4187|0
4188|0
4189|0
4190|163
4191|96
4192|101
4193|0
4194|137
4195|0
4196|130
4197|140
4198|162
4199|99
4200|50
4201|0
4202|0
4203|0
4204|0
4205|0
4206|0
4207|1
4208|486
4209|5
4210|3
4211|0
4212|0
4213|0
4214|0
4215|0
4216|0
4217|0
4218|0
4219|358
4220|0
4221|2
4222|6
4223|0
4224|147
4225|921
4226|0
4227|4
4228|0
4229|0
4230|0
4231|256
4232|0
4233|0
4234|0
4235|162
4236|96
4237|126
4238|96
4239|163
4240|9
4241|0
4242|8
4243|0
4244|0
4245|97
4246|3
4247|0
4248|96
4249|107
4250|0
4251|1
4252|34
4253|96
4254|98
4255|58
4256|0
4257|0
4258|3
4259|1
4260|5
4261|184
4262|57
4263|20
4264|0
4265|0
4266|0
4267|0
4268|0
4269|0
4270|0
4271|0
4272|0
4273|0
4274|0
4275|0
4276|0
4277|4
4278|0
4279|0
4280|0
4281|0
4282|0
4283|0
4284|0
4285|0
4286|4
4287|4
4288|108
4289|132
4290|0
4291|4
4292|1
4293|187
4294|0
4295|1
4296|0
4297|263
4298|74
4299|0
4300|10
4301|0
4302|1
4303|0
4304|0
4305|0
4306|0
4307|0
4308|0
4309|51
4310|0
4311|2
4312|96
4313|21
4314|0
4315|189
4316|2
4317|0
4318|0
4319|32
4320|277
4321|22
4322|3
4323|0
4324|143
4325|237
4326|0
4327|0
4328|0
4329|0
4330|0
4331|371
4332|0
4333|11
4334|115
4335|0
4336|0
4337|0
4338|0
4339|84
4340|0
4341|0
4342|0
4343|0
4344|1
4345|0
4346|0
4347|0
4348|0
4349|0
4350|0
4351|2
4352|5
4353|0
4354|0
4355|0
4356|0
4357|0
4358|73
4359|0
4360|0
4361|0
4362|0
4363|0
4364|49
4365|108
4366|0
4367|53
4368|0
4369|0
4370|0
4371|0
4372|7
4373|6
4374|3
4375|2
4376|0
4377|0
4378|34
4379|0
4380|2
4381|0
4382|219
4383|1
4384|0
4385|0
4386|0
4387|0
4388|134
4389|4
4390|5
4391|0
4392|0
4393|0
4394|0
4395|0
4396|0
4397|0
4398|0
4399|51
4400|0
4401|1
4402|0
4403|0
4404|0
4405|2
4406|0
4407|1
4408|0
4409|0
4410|2
4411|74
4412|0
4413|0
4414|0
4415|1
4416|0
4417|0
4418|1
4419|21
4420|0
4421|0
4422|0
4423|1
4424|0
4425|0
4426|52
4427|0
4428|42
4429|0
4430|20
4431|0
4432|2
4433|8
4434|1
4435|8
4436|9
4437|0
4438|0
4439|0
4440|0
4441|0
4442|0
4443|0
4444|0
4445|0
4446|0
4447|0
4448|0
4449|0
4450|0
4451|0
4452|0
4453|0
4454|1
4455|312
4456|46
4457|0
4458|5
4459|4
4460|3
4461|2
4462|3
4463|0
4464|3
4465|0
4466|0
4467|175
4468|11
4469|0
4470|6
4471|4
4472|0
4473|1
4474|107
4475|0
4476|0
4477|2
4478|0
4479|0
4480|0
4481|6
4482|2
4483|2
4484|0
4485|0
4486|0
4487|52
4488|109
4489|193
4490|0
4491|236
4492|1
4493|0
4494|1056
4495|0
4496|0
4497|122
4498|0
4499|0
4500|0
4501|0
4502|0
4503|0
4504|0
4505|0
4506|0
4507|0
4508|1
4509|365
4510|0
4511|0
4512|2
4513|104
4514|0
4515|0
4516|0
4517|0
4518|0
4519|0
4520|0
4521|0
4522|2
4523|0
4524|0
4525|0
4526|0
4527|0
4528|0
4529|0
4530|0
4531|0
4532|0
4533|0
4534|0
4535|0
4536|0
4537|2
4538|0
4539|4
4540|0
4541|0
4542|0
4543|0
4544|0
4545|2
4546|0
4547|0
4548|0
4549|2
4550|2
4551|2
4552|0
4553|169
4554|0
4555|12
4556|1156
4557|0
4558|0
4559|0
4560|2
4561|0
4562|0
4563|57
4564|0
4565|0
4566|0
4567|6
4568|248
4569|10
4570|1
4571|0
4572|6
4573|66
4574|27
4575|0
4576|0
4577|0
4578|0
4579|2
4580|4
4581|0
4582|0
4583|0
4584|0
4585|5
4586|3
4587|1
4588|0
4589|0
4590|98
4591|2
4592|0
4593|0
4594|0
4595|0
4596|0
4597|0
4598|134
4599|0
4600|0
4601|2
4602|0
4603|0
4604|0
4605|0
4606|0
4607|2
4608|0
4609|21
4610|25
4611|0
4612|2
4613|0
4614|3
4615|1
4616|43
4617|0
4618|0
4619|1
4620|5
4621|58
4622|0
4623|14
4624|45
4625|26
4626|0
4627|4
4628|9
4629|265
4630|0
4631|0
4632|0
4633|0
4634|0
4635|0
4636|0
4637|0
4638|4
4639|122
4640|14
4641|4
4642|1
4643|19
4644|1
4645|0
4646|0
4647|0
4648|0
4649|0
4650|0
4651|0
4652|1
4653|6
4654|0
4655|0
4656|90
4657|2
4658|1
4659|40
4660|0
4661|97
4662|102
4663|1
4664|0
4665|0
4666|50
4667|0
4668|3
4669|0
4670|3
4671|0
4672|11
4673|0
4674|2
4675|44
4676|9
4677|431
4678|12
4679|22
4680|16
4681|0
4682|0
4683|9
4684|0
4685|0
4686|7
4687|0
4688|0
4689|0
4690|0
4691|0
4692|0
4693|0
4694|8
4695|7
4696|2
4697|150
4698|0
4699|3
4700|27
4701|0
4702|0
4703|0
4704|0
4705|0
4706|4
4707|145
4708|1940
4709|1069
4710|1065
4711|204
4712|2
4713|644
4714|0
4715|3
4716|0
4717|140
4718|143
4719|0
4720|319
4721|262
4722|3
4723|0
4724|0
4725|0
4726|0
4727|0
4728|0
4729|0
4730|0
4731|0
4732|0
4733|0
4734|0
4735|0
4736|0
4737|0
4738|0
4739|0
4740|0
4741|0
4742|0
4743|0
4744|0
4745|0
4746|0
4747|0
4748|0
4749|0
4750|0
4751|0
4752|0
4753|0
4754|0
4755|0
4756|0
4757|0
4758|0
4759|0
4760|0
4761|0
4762|0
4763|0
4764|0
4765|0
4766|0
4767|0
4768|0
4769|0
4770|0
4771|0
4772|0
4773|0
4774|0
4775|0
4776|0
4777|0
4778|0
4779|0
4780|0
4781|0
4782|0
4783|0
4784|0
4785|0
4786|0
4787|0
4788|0
4789|0
4790|0
4791|0
4792|0
4793|0
4794|0
4795|0
4796|0
4797|0
4798|0
4799|0
4800|0
4801|0
4802|0
4803|0
4804|0
4805|0
4806|0
4807|0
4808|0
4809|0
4810|0
4811|0
4812|0
4813|0
4814|0
4815|0
4816|0
4817|0
4818|0
4819|0
4820|0
4821|0
4822|0
4823|0
4824|0
4825|0
4826|0
4827|0
4828|0
4829|0
4830|0
4831|0
4832|0
4833|0
4834|0
4835|0
4836|0
4837|0
4838|0
4839|0
4840|0
4841|0
4842|0
4843|0
4844|0
4845|0
4846|0
4847|0
4848|0
4849|0
4850|0
4851|0
4852|0
4853|0
4854|0
4855|0
4856|0
4857|0
4858|0
4859|0
4860|0
4861|0
4862|0
4863|0
4864|0
4865|0
4866|0
4867|0
4868|0
4869|0
4870|0
4871|0
4872|0
4873|0
4874|1
4875|0
4876|0
4877|31
4878|0
4879|0
4880|0
4881|138
4882|0
4883|0
4884|0
4885|401
4886|0
4887|0
4888|86
4889|0
4890|12
4891|177
4892|0
4893|256
4894|0
4895|0
4896|213
4897|0
4898|0
4899|0
4900|0
4901|0
4902|0
4903|0
4904|163
4905|0
4906|0
4907|0
4908|0
4909|122
4910|0
4911|0
4912|74
4913|0
4914|0
4915|144
4916|4
4917|0
4918|2
4919|0
4920|11
4921|0
4922|0
4923|0
4924|6
4925|0
4926|2
4927|284
4928|7
4929|5
4930|0
4931|616
4932|1014
4933|1
4934|0
4935|1
4936|3
4937|1
4938|0
4939|40
4940|0
4941|0
4942|0
4943|0
4944|0
4945|0
4946|8
4947|0
4948|0
4949|6
4950|7
4951|0
4952|0
4953|0
4954|0
4955|0
4956|0
4957|0
4958|299
4959|1
4960|0
4961|0
4962|0
4963|1
4964|122
4965|411
4966|0
4967|0
4968|0
4969|181
4970|4
4971|288
4972|0
4973|0
4974|68
4975|0
4976|1
4977|0
4978|0
4979|34
4980|1
4981|0
4982|158
4983|0
4984|836
4985|911
4986|371
4987|0
4988|171
4989|4
4990|4
4991|0
4992|0
4993|0
4994|19
4995|3
4996|52
4997|26
4998|514
4999|294
5000|0
5001|81
5002|4
5003|0
5004|289
5005|18
5006|7
5007|0
5008|0
5009|4
5010|469
5011|0
5012|1
5013|0
5014|0
5015|0
5016|0
5017|2
5018|151
5019|0
5020|0
5021|8
5022|0
5023|0
5024|0
5025|0
5026|2
5027|98
5028|0
5029|523
5030|0
5031|1
5032|0
5033|0
5034|0
5035|851
5036|91
5037|1
5038|0
5039|362
5040|3
5041|4
5042|0
5043|0
5044|0
5045|0
5046|3
5047|0
5048|383
5049|0
5050|0
5051|332
5052|5
5053|5
5054|0
5055|0
5056|0
5057|8
5058|0
5059|0
5060|0
5061|0
5062|1
5063|2
5064|1
5065|279
5066|90
5067|6
5068|0
5069|0
5070|0
5071|0
5072|0
5073|0
5074|65
5075|0
5076|0
5077|0
5078|0
5079|0
5080|0
5081|0
5082|2
5083|0
5084|0
5085|0
5086|1
5087|0
5088|0
5089|1
5090|4
5091|0
5092|0
5093|0
5094|1
5095|0
5096|0
5097|0
5098|0
5099|0
5100|0
5101|0
5102|1
5103|0
5104|0
5105|0
5106|0
5107|46
5108|1
5109|0
5110|0
5111|4
5112|1
5113|0
5114|0
5115|283
5116|1
5117|519
5118|79
5119|2
5120|169
5121|4
5122|583
5123|0
5124|0
5125|69
5126|121
5127|197
5128|0
5129|2
5130|5
5131|6
5132|187
5133|102
5134|0
5135|0
5136|91
5137|0
5138|0
5139|736
5140|10
5141|0
5142|0
5143|0
5144|0
5145|0
5146|0
5147|0
5148|0
5149|0
5150|0
5151|0
5152|0
5153|0
5154|0
5155|0
5156|0
5157|0
5158|0
5159|0
5160|0
5161|0
5162|3
5163|3
5164|0
5165|3
5166|3
5167|0
5168|6
5169|0
5170|0
5171|0
5172|0
5173|189
5174|5
5175|1
5176|1
5177|0
5178|0
5179|3
5180|5
5181|0
5182|3
5183|7
5184|230
5185|0
5186|0
5187|0
5188|0
5189|423
5190|0
5191|0
5192|0
5193|0
5194|0
5195|0
5196|0
5197|5
5198|0
5199|0
5200|0
5201|0
5202|7
5203|0
5204|101
5205|3
5206|0
5207|0
5208|12
5209|0
5210|0
5211|4
5212|58
5213|88
5214|321
5215|0
5216|24
5217|1
5218|0
5219|0
5220|4
5221|1
5222|173
5223|10
5224|0
5225|168
5226|0
5227|136
5228|0
5229|0
5230|376
5231|0
5232|5
5233|0
5234|50
5235|174
5236|8
5237|0
5238|14
5239|278
5240|0
5241|0
5242|0
5243|2
5244|167
5245|180
5246|0
5247|0
5248|61
5249|0
5250|5
5251|69
5252|0
5253|0
5254|0
5255|5
5256|0
5257|187
5258|91
5259|282
5260|181
5261|6
5262|0
5263|3
5264|318
5265|12
5266|682
5267|0
5268|0
5269|0
5270|0
5271|0
5272|0
5273|2
5274|3
5275|0
5276|0
5277|0
5278|0
5279|513
5280|1
5281|0
5282|0
5283|0
5284|0
5285|162
5286|63
5287|2
5288|0
5289|0
5290|52
5291|0
5292|1
5293|0
5294|2
5295|105
5296|422
5297|5
5298|0
5299|6
5300|85
5301|0
5302|0
5303|10
5304|0
5305|0
5306|95
5307|68
5308|0
5309|6
5310|0
5311|0
5312|404
5313|0
5314|0
5315|100
5316|2
5317|0
5318|316
5319|48
5320|782
5321|164
5322|441
5323|341
5324|140
5325|108
5326|0
5327|0
5328|0
5329|374
5330|393
5331|6
5332|0
5333|0
5334|0
5335|10
5336|0
5337|67
5338|0
5339|163
5340|257
5341|6
5342|0
5343|32
5344|104
5345|0
5346|0
5347|520
5348|342
5349|221
5350|10
5351|2
5352|281
5353|6
5354|8
5355|0
5356|6
5357|39
5358|0
5359|0
5360|96
5361|10
5362|0
5363|0
5364|0
5365|124
5366|57
5367|0
5368|0
5369|0
5370|265
5371|550
5372|22
5373|183
5374|6
5375|144
5376|340
5377|1146
5378|0
5379|0
5380|28
5381|8
5382|0
5383|68
5384|58
5385|0
5386|0
5387|0
5388|96
5389|0
5390|1418
5391|0
5392|0
5393|0
5394|0
5395|0
5396|0
5397|0
5398|0
5399|0
5400|0
5401|0
5402|0
5403|0
5404|0
5405|0
5406|0
5407|0
5408|0
5409|112
5410|0
5411|1
5412|3
5413|1
5414|297
5415|225
5416|3
5417|0
5418|0
5419|0
5420|0
5421|0
5422|0
5423|0
5424|0
5425|0
5426|0
5427|0
5428|0
5429|0
5430|0
5431|0
5432|0
5433|0
5434|0
5435|0
5436|0
5437|0
5438|3
5439|0
5440|0
5441|0
5442|0
5443|0
5444|0
5445|0
5446|0
5447|0
5448|0
5449|0
5450|0
5451|0
5452|0
5453|0
5454|0
5455|0
5456|0
5457|0
5458|0
5459|0
5460|0
5461|0
5462|0
5463|0
5464|0
5465|0
5466|0
5467|0
5468|0
5469|0
5470|0
5471|0
5472|0
5473|0
5474|0
5475|0
5476|0
5477|0
5478|0
5479|0
5480|0
5481|0
5482|0
5483|0
5484|0
5485|0
5486|0
5487|0
5488|0
5489|2
5490|0
5491|1
5492|4
5493|3
5494|0
5495|0
5496|0
5497|0
5498|0
5499|0
5500|0
5501|0
5502|0
5503|0
5504|0
5505|0
5506|0
5507|0
5508|0
5509|0
5510|0
5511|0
5512|0
5513|0
5514|0
5515|0
5516|0
5517|0
5518|0
5519|0
5520|0
5521|7
5522|0
5523|0
5524|0
5525|0
5526|0
5527|0
5528|0
5529|0
5530|0
5531|0
5532|0
5533|0
5534|0
5535|0
5536|0
5537|0
5538|0
5539|0
5540|0
5541|0
5542|0
5543|0
5544|0
5545|0
5546|0
5547|0
5548|0
5549|0
5550|0
5551|0
5552|0
5553|0
5554|0
5555|0
5556|0
5557|0
5558|0
5559|0
5560|0
5561|0
5562|0
5563|0
5564|0
5565|0
5566|0
5567|0
5568|0
5569|0
5570|0
5571|0
5572|0
5573|0
5574|0
5575|0
5576|0
5577|0
5578|0
5579|0
5580|0
5581|0
5582|0
5583|0
5584|0
5585|0
5586|0
5587|0
5588|0
5589|0
5590|0
5591|0
5592|0
5593|0
5594|0
5595|0
5596|0
5597|0
5598|0
5599|0
5600|0
5601|0
5602|0
5603|0
5604|0
5605|0
5606|0
5607|0
5608|0
5609|0
5610|0
5611|0
5612|0
5613|0
5614|0
5615|0
5616|0
5617|0
5618|0
5619|0
5620|0
5621|0
5622|0
5623|0
5624|0
5625|0
5626|0
5627|0
5628|0
5629|0
5630|0
5631|0
5632|0
5633|0
5634|0
5635|0
5636|0
5637|0
5638|0
5639|0
5640|0
5641|0
5642|0
5643|0
5644|0
5645|0
5646|0
5647|0
5648|0
5649|0
5650|0
5651|0
5652|0
5653|0
5654|0
5655|0
5656|0
5657|0
5658|0
5659|0
5660|0
5661|0
5662|0
5663|0
5664|0
5665|0
5666|0
5667|0
5668|0
5669|0
5670|0
5671|0
5672|0
5673|0
5674|0
5675|0
5676|298
5677|1
5678|2
5679|0
5680|0
5681|0
5682|0
5683|0
5684|0
5685|0
5686|0
5687|0
5688|0
5689|0
5690|0
5691|0
5692|0
5693|0
5694|0
5695|0
5696|0
5697|0
5698|0
5699|0
5700|0
5701|0
5702|0
5703|0
5704|0
5705|0
5706|0
5707|0
5708|0
5709|0
5710|0
5711|0
5712|0
5713|0
5714|0
5715|0
5716|0
5717|0
5718|0
5719|0
5720|0
5721|0
5722|0
5723|0
5724|0
5725|0
5726|0
5727|0
5728|0
5729|0
5730|0
5731|0
5732|0
5733|0
5734|0
5735|0
5736|0
5737|0
5738|0
5739|0
5740|0
5741|0
5742|0
5743|0
5744|0
5745|0
5746|0
5747|0
5748|0
5749|0
5750|0
5751|0
5752|0
5753|0
5754|0
5755|0
5756|0
5757|0
5758|0
5759|0
5760|0
5761|0
5762|0
5763|0
5764|0
5765|0
5766|0
5767|0
5768|0
5769|0
5770|0
5771|0
5772|0
5773|0
5774|0
5775|0
5776|0
5777|0
5778|0
5779|0
5780|0
5781|0
5782|0
5783|0
5784|0
5785|0
5786|0
5787|0
5788|0
5789|0
5790|0
5791|0
5792|0
5793|0
5794|0
5795|0
5796|0
5797|0
5798|0
5799|0
5800|4
5801|0
5802|0
5803|0
5804|0
5805|0
5806|0
5807|0
5808|0
5809|0
5810|0
5811|0
5812|0
5813|0
5814|0
5815|0
5816|0
5817|0
5818|0
5819|0
5820|0
5821|0
5822|0
5823|0
5824|0
5825|0
5826|0
5827|0
5828|0
5829|0
5830|0
5831|6
5832|0
5833|1
5834|0
5835|0
5836|0
5837|0
5838|0
5839|0
5840|97
5841|0
5842|2
5843|0
5844|0
5845|0
5846|0
5847|0
5848|4
5849|4
5850|4
5851|2
5852|2
5853|39
5854|0
5855|0
5856|0
5857|0
5858|0
5859|0
5860|0
5861|0
5862|0
5863|0
5864|0
5865|0
5866|0
5867|0
5868|0
5869|0
5870|0
5871|0
5872|0
5873|0
5874|0
5875|0
5876|0
5877|0
5878|0
5879|0
5880|0
5881|0
5882|0
5883|0
5884|0
5885|0
5886|0
5887|0
5888|0
5889|8
5890|0
5891|0
5892|0
5893|0
5894|0
5895|0
5896|0
5897|0
5898|0
5899|0
5900|0
5901|0
5902|0
5903|0
5904|0
5905|0
5906|0
5907|0
5908|0
5909|0
5910|0
5911|0
5912|0
5913|0
5914|0
5915|0
5916|0
5917|0
5918|0
5919|0
5920|0
5921|0
5922|0
5923|0
5924|0
5925|0
5926|0
5927|0
5928|0
5929|0
5930|0
5931|0
5932|0
5933|0
5934|7
5935|1
5936|0
5937|1
5938|0
5939|4
5940|82
5941|0
5942|57
5943|4
5944|194
5945|0
5946|0
5947|0
5948|0
5949|0
5950|0
5951|0
5952|0
5953|0
5954|0
5955|0
5956|0
5957|0
5958|0
5959|0
5960|2
5961|3
5962|0
5963|42
5964|0
5965|0
5966|0
5967|0
5968|0
5969|0
5970|0
5971|0
5972|0
5973|0
5974|0
5975|0
5976|0
5977|0
5978|0
5979|0
5980|0
5981|0
5982|0
5983|0
5984|0
5985|0
5986|0
5987|0
5988|0
5989|0
5990|0
5991|0
5992|0
5993|0
5994|0
5995|0
5996|0
5997|0
5998|0
5999|0
6000|0
6001|0
6002|0
6003|0
6004|0
6005|0
6006|0
6007|0
6008|0
6009|0
6010|0
6011|0
6012|0
6013|0
6014|0
6015|0
6016|0
6017|0
6018|0
6019|0
6020|0
6021|0
6022|0
6023|3
6024|0
6025|0
6026|0
6027|2
6028|0
6029|0
6030|0
6031|0
6032|0
6033|0
6034|0
6035|0
6036|0
6037|3
6038|0
6039|0
6040|0
6041|0
6042|0
6043|1
6044|3
6045|4
6046|5
6047|3
6048|0
6049|0
6050|0
6051|0
6052|70
6053|0
6054|1
6055|0
6056|1
6057|1
6058|0
6059|0
6060|0
6061|0
6062|0
6063|0
6064|0
6065|0
6066|0
6067|1
6068|0
6069|0
6070|1
6071|1
6072|0
6073|0
6074|0
6075|0
6076|0
6077|0
6078|0
6079|0
6080|0
6081|0
6082|0
6083|0
6084|0
6085|0
6086|0
6087|0
6088|0
6089|0
6090|0
6091|0
6092|0
6093|0
6094|0
6095|0
6096|0
6097|0
6098|0
6099|0
6100|0
6101|0
6102|0
6103|0
6104|0
6105|0
6106|0
6107|0
6108|0
6109|1
6110|3
6111|3
6112|0
6113|0
6114|0
6115|217
6116|3
6117|71
6118|106
6119|2
6120|1
6121|1
6122|0
6123|0
6124|0
6125|0
6126|1
6127|0
6128|0
6129|0
6130|0
6131|1
6132|2
6133|0
6134|0
6135|0
6136|8
6137|0
6138|0
6139|164
6140|6
6141|8
6142|0
6143|1
6144|8
6145|0
6146|8
6147|5
6148|0
6149|2
6150|0
6151|0
6152|0
6153|0
6154|0
6155|0
6156|0
6157|0
6158|0
6159|0
6160|0
6161|0
6162|0
6163|0
6164|0
6165|0
6166|0
6167|0
6168|0
6169|0
6170|0
6171|0
6172|0
6173|0
6174|0
6175|0
6176|0
6177|0
6178|0
6179|0
6180|0
6181|0
6182|0
6183|4
6184|6
6185|1
6186|0
6187|0
6188|1
6189|0
6190|0
6191|0
6192|0
6193|0
6194|0
6195|0
6196|0
6197|0
6198|0
6199|0
6200|0
6201|0
6202|0
6203|0
6204|0
6205|0
6206|0
6207|0
6208|4
6209|168
6210|423
6211|433
6212|435
6213|218
6214|163
6215|386
6216|122
6217|261
6218|257
6219|0
6220|164
6221|169
6222|253
6223|169
6224|172
6225|254
6226|261
6227|432
6228|525
6229|425
6230|207
6231|392
6232|255
6233|255
6234|235
6235|6
6236|5
6237|262
6238|0
6239|96
6240|0
6241|0
6242|0
6243|0
6244|0
6245|0
6246|6
6247|12
6248|4
6249|5
6250|1
6251|0
6252|0
6253|0
6254|0
6255|0
6256|0
6257|0
6258|0
6259|0
6260|0
6261|1
6262|0
6263|0
6264|0
6265|6
6266|0
6267|0
6268|0
6269|0
6270|1
6271|0
6272|0
6273|1
6274|1
6275|1
6276|0
6277|0
6278|8
6279|2
6280|2
6281|2
6282|2
6283|2
6284|1
6285|0
6286|1
6287|7
6288|0
6289|4
6290|10
6291|0
6292|0
6293|0
6294|0
6295|0
6296|0
6297|2
6298|0
6299|0
6300|0
6301|2
6302|2
6303|0
6304|2
6305|0
6306|0
6307|10
6308|0
6309|1
6310|0
6311|0
6312|0
6313|4
6314|1
6315|0
6316|0
6317|0
6318|0
6319|2
6320|2
6321|0
6322|0
6323|2
6324|0
6325|4
6326|0
6327|0
6328|0
6329|2
6330|3
6331|0
6332|688
6333|319
6334|165
6335|162
6336|122
6337|404
6338|125
6339|163
6340|319
6341|253
6342|6
6343|0
6344|58
6345|96
6346|163
6347|122
6348|10
6349|0
6350|122
6351|0
6352|0
6353|0
6354|0
6355|0
6356|0
6357|0
6358|0
6359|0
6360|0
6361|0
6362|0
6363|0
6364|0
6365|0
6366|0
6367|0
6368|0
6369|0
6370|0
6371|0
6372|0
6373|0
6374|0
6375|0
6376|0
6377|0
6378|0
6379|0
6380|0
6381|1
6382|0
6383|0
6384|0
6385|0
6386|0
6387|0
6388|0
6389|0
6390|0
6391|0
6392|275
6393|274
6394|279
6395|863
6396|378
6397|1062
6398|378
6399|1063
6400|441
6401|1062
6402|273
6403|396
6404|1064
6405|183
6406|1065
6407|0
6408|0
6409|0
6410|0
6411|0
6412|0
6413|0
6414|0
6415|0
6416|0
6417|0
6418|0
6419|0
6420|0
6421|0
6422|0
6423|0
6424|0
6425|0
6426|0
6427|0
6428|0
6429|0
6430|0
6431|0
6432|0
6433|0
6434|0
6435|0
6436|0
6437|426
6438|265
6439|363
6440|0
6441|0
6442|0
6443|0
6444|0
6445|0
6446|0
6447|0
6448|0
6449|0
6450|0
6451|0
6452|0
6453|0
6454|0
6455|0
6456|0
6457|0
6458|0
6459|0
6460|0
6461|0
6462|0
6463|0
6464|0
6465|0
6466|0
6467|0
6468|0
6469|0
6470|140
6471|442
6472|0
6473|0
6474|0
6475|0
6476|0
6477|0
6478|0
6479|0
6480|0
6481|0
6482|0
6483|0
6484|0
6485|0
6486|0
6487|0
6488|0
6489|0
6490|0
6491|0
6492|0
6493|3
6494|0
6495|0
6496|0
6497|0
6498|0
6499|0
6500|0
6501|0
6502|0
6503|0
6504|0
6505|0
6506|0
6507|0
6508|122
6509|0
6510|156
6511|323
6512|2
6513|0
6514|2
6515|0
6516|4
6517|0
6518|0
6519|0
6520|7
6521|0
6522|33
6523|0
6524|0
6525|2
6526|188
6527|0
6528|92
6529|0
6530|0
6531|1
6532|57
6533|5
6534|64
6535|3
6536|4
6537|5
6538|8
6539|7
6540|1
6541|0
6542|0
6543|5
6544|0
6545|1
6546|0
6547|0
6548|2
6549|0
6550|5
6551|0
6552|1
6553|0
6554|6
6555|0
6556|0
6557|17
6558|0
6559|1
6560|183
6561|2
6562|0
6563|0
6564|0
6565|0
6566|0
6567|0
6568|0
6569|0
6570|0
6571|0
6572|289
6573|173
6574|3
6575|3
6576|255
6577|155
6578|4
6579|0
6580|0
6581|0
6582|0
6583|0
6584|0
6585|1
6586|1
6587|0
6588|0
6589|0
6590|0
6591|0
6592|0
6593|2
6594|0
6595|0
6596|1
6597|0
6598|0
6599|0
6600|1
6601|0
6602|1
6603|0
6604|1
6605|0
6606|0
6607|0
6608|55
6609|7
6610|6
6611|0
6612|0
6613|0
6614|1
6615|0
6616|0
6617|0
6618|1
6619|0
6620|0
6621|0
6622|0
6623|0
6624|1
6625|1
6626|14
6627|0
6628|0
6629|0
6630|2
6631|0
6632|0
6633|0
6634|0
6635|0
6636|0
6637|0
6638|0
6639|0
6640|0
6641|0
6642|0
6643|2
6644|0
6645|0
6646|1
6647|0
6648|0
6649|1
6650|0
6651|0
6652|0
6653|0
6654|37
6655|0
6656|0
6657|0
6658|0
6659|0
6660|0
6661|0
6662|0
6663|0
6664|0
6665|0
6666|0
6667|0
6668|0
6669|0
6670|2
6671|2
6672|0
6673|0
6674|88
6675|3
6676|0
6677|0
6678|0
6679|0
6680|0
6681|0
6682|0
6683|0
6684|0
6685|0
6686|0
6687|0
6688|424
6689|278
6690|269
6691|185
6692|149
6693|126
6694|0
6695|0
6696|0
6697|253
6698|98
6699|2
6700|1
6701|1
6702|1
6703|0
6704|0
6705|0
6706|0
6707|0
6708|0
6709|0
6710|1
6711|0
6712|0
6713|0
6714|0
6715|0
6716|0
6717|0
6718|1
6719|0
6720|0
6721|0
6722|0
6723|0
6724|0
6725|0
6726|1
6727|1
6728|0
6729|0
6730|0
6731|0
6732|0
6733|0
6734|171
6735|159
6736|96
6737|0
6738|0
6739|40
6740|69
6741|0
6742|0
6743|0
6744|0
6745|0
6746|2
6747|1
6748|0
6749|1
6750|0
6751|0
6752|0
6753|0
6754|0
6755|0
6756|4
6757|2
6758|2
6759|0
6760|1
6761|0
6762|0
6763|0
6764|0
6765|0
6766|0
6767|0
6768|1
6769|0
6770|0
6771|221
6772|0
6773|0
6774|1
6775|0
6776|0
6777|0
6778|0
6779|0
6780|1
6781|0
6782|0
6783|0
6784|1
6785|79
6786|0
6787|0
6788|3
6789|0
6790|0
6791|0
6792|0
6793|0
6794|0
6795|1
6796|0
6797|0
6798|0
6799|1
6800|0
6801|0
6802|0
6803|0
6804|0
6805|0
6806|0
6807|0
6808|0
6809|0
6810|1
6811|0
6812|3
6813|1
6814|5
6815|1
6816|1
6817|1
6818|4
6819|0
6820|2
6821|1
6822|0
6823|0
6824|0
6825|1
6826|0
6827|0
6828|1
6829|0
6830|0
6831|0
6832|1
6833|1
6834|1
6835|0
6836|0
6837|0
6838|1
6839|1
6840|270
6841|161
6842|0
6843|0
6844|0
6845|0
6846|0
6847|0
6848|0
6849|0
6850|0
6851|3
6852|0
6853|1
6854|0
6855|0
6856|0
6857|0
6858|0
6859|0
6860|0
6861|0
6862|0
6863|0
6864|0
6865|0
6866|0
6867|0
6868|0
6869|39
6870|0
6871|0
6872|0
6873|74
6874|0
6875|1
6876|0
6877|0
6878|94
6879|162
6880|3
6881|0
6882|6
6883|98
6884|0
6885|0
6886|0
6887|0
6888|0
6889|0
6890|0
6891|0
6892|0
6893|0
6894|0
6895|0
6896|0
6897|0
6898|0
6899|0
6900|0
6901|0
6902|0
6903|0
6904|0
6905|0
6906|0
6907|0
6908|0
6909|0
6910|0
6911|0
6912|0
6913|0
6914|0
6915|0
6916|0
6917|0
6918|0
6919|0
6920|0
6921|173
6922|230
6923|163
6924|0
6925|0
6926|0
6927|0
6928|0
6929|0
6930|0
6931|0
6932|0
6933|0
6934|0
6935|0
6936|0
6937|0
6938|0
6939|1
6940|0
6941|233
6942|0
6943|0
6944|1
6945|1
6946|0
6947|0
6948|0
6949|0
6950|2
6951|0
6952|0
6953|1
6954|9
6955|0
6956|0
6957|4
6958|1
6959|0
6960|1
6961|0
6962|0
6963|0
6964|0
6965|0
6966|0
6967|4
6968|0
6969|2
6970|0
6971|1
6972|0
6973|0
6974|0
6975|1
6976|0
6977|0
6978|1
6979|0
6980|0
6981|0
6982|0
6983|170
6984|0
6985|0
6986|0
6987|0
6988|0
6989|0
6990|0
6991|0
6992|0
6993|0
6994|0
6995|0
6996|0
6997|0
6998|0
6999|0
7000|0
7001|0
7002|4
7003|13
7004|57
7005|2
7006|0
7007|0
7008|2
7009|49
7010|0
7011|0
7012|159
7013|160
7014|1
7015|1
7016|0
7017|0
7018|0
7019|0
7020|1
7021|2
7022|0
7023|0
7024|0
7025|0
7026|1
7027|0
7028|0
7029|0
7030|0
7031|0
7032|2
7033|0
7034|0
7035|3
7036|0
7037|6
7038|1
7039|34
7040|0
7041|0
7042|0
7043|2
7044|0
7045|0
7046|0
7047|0
7048|0
7049|1
7050|2
7051|0
7052|104
7053|0
7054|0
7055|0
7056|0
7057|95
7058|1
7059|0
7060|2
7061|0
7062|0
7063|0
7064|0
7065|0
7066|0
7067|6
7068|0
7069|0
7070|0
7071|0
7072|2
7073|123
7074|72
7075|0
7076|0
7077|0
7078|0
7079|1
7080|0
7081|0
7082|0
7083|0
7084|0
7085|0
7086|0
7087|0
7088|0
7089|0
7090|163
7091|205
7092|230
7093|205
7094|122
7095|187
7096|0
7097|0
7098|0
7099|84
7100|52
7101|0
7102|0
7103|0
7104|0
7105|0
7106|0
7107|1
7108|0
7109|0
7110|0
7111|0
7112|0
7113|0
7114|376
7115|191
7116|131
7117|69
7118|104
7119|5
7120|205
7121|183
7122|171
7123|443
7124|0
7125|0
7126|4
7127|0
7128|0
7129|0
7130|0
7131|0
7132|0
7133|0
7134|0
7135|0
7136|0
7137|0
7138|0
7139|0
7140|0
7141|0
7142|3
7143|3
7144|1
7145|0
7146|1
7147|1
7148|367
7149|399
7150|3
7151|0
7152|148
7153|361
7154|0
7155|1
7156|151
7157|155
7158|0
7159|0
7160|0
7161|0
7162|0
7163|0
7164|8
7165|229
7166|162
7167|0
7168|24
7169|0
7170|0
7171|2
7172|2
7173|1
7174|0
7175|0
7176|0
7177|0
7178|0
7179|1
7180|1
7181|1
7182|0
7183|0
7184|0
7185|0
7186|0
7187|0
7188|96
7189|1
7190|0
7191|0
7192|1
7193|521
7194|524
7195|0
7196|261
7197|528
7198|191
7199|282
7200|278
7201|0
7202|0
7203|258
7204|167
7205|257
7206|0
7207|0
7208|255
7209|1
7210|0
7211|0
7212|2
7213|1
7214|0
7215|0
7216|38
7217|0
7218|24
7219|0
7220|1
7221|0
7222|0
7223|2
7224|1
7225|1
7226|0
7227|0
7228|1
7229|0
7230|0
7231|1
7232|3
7233|85
7234|96
7235|0
7236|0
7237|0
7238|0
7239|0
7240|0
7241|96
7242|1
7243|1
7244|0
7245|1
7246|0
7247|0
7248|0
7249|0
7250|0
7251|1
7252|1
7253|27
7254|0
7255|0
7256|0
7257|1
7258|0
7259|4
7260|0
7261|148
7262|149
7263|0
7264|4
7265|0
7266|57
7267|8
7268|1
7269|3
7270|48
7271|39
7272|122
7273|12
7274|32
7275|0
7276|0
7277|84
7278|49
7279|58
7280|0
7281|3
7282|3
7283|6
7284|2
7285|3
7286|147
7287|96
7288|127
7289|163
7290|122
7291|87
7292|6
7293|0
7294|2
7295|0
7296|0
7297|0
7298|0
7299|0
7300|255
7301|0
7302|1
7303|0
7304|0
7305|0
7306|0
7307|0
7308|5
7309|0
7310|4
7311|0
7312|59
7313|91
7314|6
7315|0
7316|0
7317|2
7318|0
7319|2
7320|0
7321|0
7322|0
7323|0
7324|100
7325|255
7326|168
7327|381
7328|205
7329|84
7330|96
7331|0
7332|0
7333|2
7334|10
7335|0
7336|10
7337|0
7338|0
7339|0
7340|0
7341|0
7342|0
7343|1
7344|0
7345|2
7346|0
7347|0
7348|0
7349|3
7350|1
7351|0
7352|0
7353|0
7354|0
7355|0
7356|0
7357|2
7358|5
7359|4
7360|4
7361|0
7362|0
7363|0
7364|50
7365|0
7366|0
7367|0
7368|0
7369|0
7370|0
7371|0
7372|0
7373|0
7374|0
7375|162
7376|162
7377|99
7378|122
7379|122
7380|0
7381|0
7382|0
7383|0
7384|0
7385|0
7386|0
7387|0
7388|0
7389|0
7390|0
7391|0
7392|0
7393|0
7394|0
7395|0
7396|0
7397|0
7398|0
7399|0
7400|0
7401|0
7402|0
7403|0
7404|0
7405|0
7406|0
7407|0
7408|0
7409|0
7410|0
7411|0
7412|0
7413|0
7414|0
7415|0
7416|0
7417|0
7418|0
7419|0
7420|0
7421|0
7422|0
7423|0
7424|0
7425|0
7426|0
7427|0
7428|0
7429|0
7430|0
7431|0
7432|0
7433|0
7434|0
7435|0
7436|0
7437|0
7438|0
7439|0
7440|0
7441|0
7442|0
7443|0
7444|0
7445|0
7446|0
7447|0
7448|0
7449|0
7450|0
7451|0
7452|0
7453|0
7454|0
7455|0
7456|0
7457|0
7458|0
7459|0
7460|0
7461|0
7462|0
7463|0
7464|0
7465|0
7466|0
7467|0
7468|0
7469|0
7470|0
7471|0
7472|0
7473|0
7474|0
7475|0
7476|0
7477|0
7478|0
7479|0
7480|0
7481|0
7482|0
7483|0
7484|0
7485|0
7486|0
7487|0
7488|0
7489|0
7490|0
7491|0
7492|0
7493|0
7494|0
7495|0
7496|0
7497|0
7498|0
7499|0
7500|0
7501|0
7502|0
7503|0
7504|0
7505|0
7506|0
7507|0
7508|0
7509|0
7510|0
7511|0
7512|0
7513|0
7514|0
7515|0
7516|0
7517|0
7518|0
7519|0
7520|0
7521|0
7522|0
7523|0
7524|0
7525|0
7526|0
7527|0
7528|0
7529|0
7530|0
7531|0
7532|0
7533|0
7534|0
7535|0
7536|0
7537|0
7538|0
7539|0
7540|0
7541|0
7542|0
7543|0
7544|0
7545|0
7546|0
7547|0
7548|0
7549|0
7550|0
7551|0
7552|0
7553|0
7554|0
7555|0
7556|0
7557|0
7558|0
7559|0
7560|0
7561|0
7562|0
7563|0
7564|0
7565|0
7566|0
7567|0
7568|0
7569|0
7570|0
7571|0
7572|6
7573|0
7574|0
7575|0
7576|0
7577|0
7578|0
7579|0
7580|0
7581|0
7582|0
7583|0
7584|0
7585|0
7586|0
7587|0
7588|0
7589|0
7590|0
7591|0
7592|0
7593|0
7594|0
7595|0
7596|0
7597|0
7598|6
7599|0
7600|0
7601|0
7602|1
7603|0
7604|0
7605|0
7606|0
7607|0
7608|21
7609|0
7610|21
7611|0
7612|0
7613|1
7614|0
7615|0
7616|0
7617|0
7618|2
7619|0
7620|6
7621|0
7622|0
7623|0
7624|0
7625|0
7626|0
7627|0
7628|0
7629|14
7630|0
7631|0
7632|0
7633|1
7634|0
7635|0
7636|0
7637|0
7638|0
7639|0
7640|13
7641|0
7642|0
7643|22
7644|1
7645|0
7646|21
7647|0
7648|1
7649|1
7650|0
7651|0
7652|34
7653|0
7654|0
7655|1
7656|101
7657|0
7658|0
7659|1
7660|0
7661|0
7662|0
7663|0
7664|0
7665|0
7666|1
7667|0
7668|0
7669|0
7670|0
7671|0
7672|0
7673|0
7674|0
7675|0
7676|0
7677|0
7678|0
7679|0
7680|0
7681|0
7682|0
7683|0
7684|0
7685|0
7686|0
7687|0
7688|0
7689|0
7690|0
7691|0
7692|0
7693|0
7694|0
7695|0
7696|0
7697|0
7698|0
7699|36
7700|24
7701|16
7702|49
7703|0
7704|2
7705|21
7706|1
7707|2
7708|2
7709|1
7710|0
7711|0
7712|0
7713|0
7714|0
7715|0
7716|0
7717|0
7718|0
7719|0
7720|23
7721|40
7722|0
7723|0
7724|14
7725|14
7726|18
7727|16
7728|0
7729|0
7730|6
7731|0
7732|0
7733|0
7734|13
7735|0
7736|8
7737|13
7738|3
7739|3
7740|1
7741|1
7742|2
7743|1
7744|0
7745|1
7746|0
7747|0
7748|1
7749|13
7750|0
7751|0
7752|0
7753|0
7754|42
7755|8
7756|5
7757|0
7758|0
7759|0
7760|3
7761|0
7762|4
7763|0
7764|0
7765|1
7766|2
7767|3
7768|2
7769|0
7770|0
7771|46
7772|0
7773|1
7774|5
7775|22
7776|0
7777|2
7778|3
7779|1
7780|0
7781|0
7782|0
7783|9
7784|84
7785|124
7786|0
7787|0
7788|1
7789|1037
7790|0
7791|0
7792|566
7793|0
7794|202
7795|0
7796|0
7797|489
7798|0
7799|0
7800|0
7801|273
7802|0
7803|0
7804|4
7805|0
7806|0
7807|0
7808|0
7809|0
7810|1
7811|0
7812|0
7813|0
7814|1
7815|2
7816|2
7817|176
7818|1
7819|1
7820|0
7821|0
7822|707
7823|324
7824|249
7825|0
7826|0
7827|5
7828|0
7829|0
7830|0
7831|14
7832|1
7833|182
7834|2
7835|0
7836|1
7837|1
7838|0
7839|0
7840|238
7841|1
7842|1
7843|1
7844|0
7845|0
7846|0
7847|0
7848|0
7849|227
7850|9
7851|4
7852|3
7853|2
7854|0
7855|2
7856|2
7857|4
7858|1
7859|2
7860|1
7861|7
7862|2
7863|0
7864|0
7865|0
7866|0
7867|0
7868|0
7869|1
7870|0
7871|0
7872|0
7873|263
7874|0
7875|0
7876|0
7877|0
7878|3
7879|5
7880|0
7881|460
7882|133
7883|0
7884|441
7885|441
7886|99
7887|273
7888|360
7889|225
7890|0
7891|525
7892|757
7893|384
7894|259
7895|0
7896|324
7897|132
7898|204
7899|0
7900|222
7901|0
7902|278
7903|249
7904|463
7905|867
7906|3
7907|0
7908|0
7909|0
7910|2
7911|0
7912|0
7913|0
7914|0
7915|333
7916|0
7917|0
7918|8
7919|0
7920|5
7921|0
7922|0
7923|1
7924|93
7925|1
7926|0
7927|0
7928|0
7929|0
7930|1
7931|0
7932|0
7933|3
7934|0
7935|0
7936|0
7937|4
7938|290
7939|2
7940|14
7941|0
7942|8
7943|0
7944|5
7945|4
7946|225
7947|0
7948|0
7949|295
7950|0
7951|1
7952|28
7953|0
7954|0
7955|2
7956|2
7957|0
7958|0
7959|4
7960|107
7961|3
7962|0
7963|3
7964|0
7965|400
7966|0
7967|0
7968|445
7969|5
7970|2
7971|2
7972|264
7973|0
7974|12
7975|0
7976|2
7977|0
7978|4
7979|0
7980|0
7981|0
7982|0
7983|376
7984|155
7985|2
7986|469
7987|0
7988|4
7989|1
7990|88
7991|0
7992|0
7993|0
7994|0
7995|0
7996|0
7997|0
7998|0
7999|1
8000|0
8001|0
8002|0
8003|182
8004|4
8005|0
8006|258
8007|0
8008|0
8009|0
8010|0
8011|16
8012|12
8013|0
8014|2
8015|321
8016|146
8017|0
8018|0
8019|0
8020|0
8021|0
8022|241
8023|0
8024|147
8025|469
8026|0
8027|0
8028|0
8029|0
8030|0
8031|0
8032|0
8033|2
8034|6
8035|2
8036|2
8037|0
8038|1
8039|4
8040|9
8041|253
8042|0
8043|8
8044|1
8045|4
8046|0
8047|14
8048|0
8049|0
8050|0
8051|0
8052|0
8053|2
8054|447
8055|279
8056|216
8057|500
8058|0
8059|0
8060|0
8061|0
8062|206
8063|1
8064|9
8065|6
8066|86
8067|9
8068|0
8069|3
8070|2
8071|4
8072|1
8073|0
8074|0
8075|780
8076|152
8077|199
8078|0
8079|0
8080|1
8081|0
8082|0
8083|108
8084|28
8085|10
8086|0
8087|269
8088|4
8089|0
8090|0
8091|0
8092|0
8093|0
8094|0
8095|0
8096|824
8097|190
8098|0
8099|155
8100|126
8101|0
8102|0
8103|0
8104|0
8105|0
8106|0
8107|48
8108|73
8109|0
8110|68
8111|0
8112|0
8113|5
8114|4
8115|8
8116|1
8117|1
8118|66
8119|0
8120|0
8121|0
8122|5
8123|0
8124|0
8125|0
8126|2
8127|0
8128|213
8129|0
8130|238
8131|5
8132|2
8133|3
8134|233
8135|152
8136|336
8137|262
8138|1
8139|0
8140|0
8141|0
8142|146
8143|221
8144|1
8145|202
8146|3
8147|193
8148|0
8149|4
8150|0
8151|0
8152|0
8153|0
8154|0
8155|0
8156|2
8157|0
8158|120
8159|0
8160|0
8161|0
8162|0
8163|0
8164|0
8165|0
8166|0
8167|0
8168|0
8169|0
8170|0
8171|0
8172|2
8173|0
8174|0
8175|0
8176|0
8177|0
8178|1
8179|0
8180|0
8181|284
8182|97
8183|0
8184|0
8185|0
8186|0
8187|0
8188|322
8189|710
8190|1
8191|578
8192|1
8193|173
8194|48
8195|1
8196|0
8197|0
8198|0
8199|10
8200|0
8201|2
8202|0
8203|3
8204|4
8205|61
8206|4
8207|0
8208|107
8209|99
8210|0
8211|2
8212|2
8213|3
8214|2
8215|2
8216|0
8217|0
8218|0
8219|284
8220|155
8221|155
8222|1
8223|3
8224|0
8225|0
8226|1
8227|380
8228|0
8229|0
8230|378
8231|0
8232|159
8233|6
8234|4
8235|118
8236|139
8237|2
8238|86
8239|0
8240|71
8241|0
8242|275
8243|333
8244|29
8245|86
8246|4
8247|0
8248|1
8249|1
8250|1
8251|190
8252|2
8253|307
8254|0
8255|2
8256|0
8257|3
8258|2
8259|0
8260|0
8261|1
8262|1
8263|1
8264|0
8265|0
8266|0
8267|0
8268|1
8269|0
8270|0
8271|0
8272|3
8273|0
8274|10
8275|0
8276|3
8277|286
8278|283
8279|118
8280|459
8281|277
8282|4
8283|98
8284|0
8285|2
8286|2
8287|0
8288|3
8289|3
8290|2
8291|173
8292|480
8293|258
8294|0
8295|406
8296|1
8297|0
8298|4
8299|2
8300|0
8301|1
8302|0
8303|0
8304|0
8305|1
8306|0
8307|1
8308|0
8309|50
8310|96
8311|99
8312|84
8313|183
8314|63
8315|122
8316|275
8317|97
8318|397
8319|0
8320|0
8321|1
8322|1
8323|0
8324|0
8325|63
8326|43
8327|10
8328|108
8329|0
8330|0
8331|499
8332|0
8333|0
8334|0
8335|0
8336|0
8337|0
8338|0
8339|0
8340|0
8341|0
8342|54
8343|8
8344|31
8345|260
8346|0
8347|389
8348|100
8349|3
8350|2
8351|93
8352|0
8353|2
8354|275
8355|854
8356|0
8357|0
8358|0
8359|2
8360|0
8361|5
8362|1
8363|0
8364|2
8365|0
8366|0
8367|2
8368|210
8369|99
8370|264
8371|756
8372|53
8373|0
8374|39
8375|44
8376|106
8377|156
8378|228
8379|169
8380|170
8381|146
8382|352
8383|74
8384|49
8385|263
8386|205
8387|127
8388|0
8389|552
8390|302
8391|206
8392|6
8393|349
8394|493
8395|200
8396|546
8397|298
8398|136
8399|312
8400|310
8401|374
8402|3
8403|0
8404|2
8405|0
8406|0
8407|2
8408|1
8409|2
8410|2
8411|1
8412|2
8413|4
8414|0
8415|2
8416|1
8417|0
8418|0
8419|48
8420|0
8421|2
8422|6
8423|0
8424|0
8425|47
8426|0
8427|1
8428|0
8429|0
8430|1
8431|0
8432|86
8433|6
8434|0
8435|32
8436|150
8437|0
8438|1
8439|7
8440|0
8441|0
8442|3
8443|5
8444|2
8445|0
8446|2
8447|0
8448|0
8449|0
8450|299
8451|41
8452|0
8453|6
8454|646
8455|626
8456|0
8457|3
8458|1
8459|0
8460|0
8461|0
8462|2
8463|0
8464|0
8465|1
8466|0
8467|1
8468|0
8469|0
8470|1
8471|5
8472|0
8473|2
8474|0
8475|87
8476|0
8477|1
8478|0
8479|0
8480|2
8481|0
8482|47
8483|0
8484|0
8485|61
8486|184
8487|6
8488|406
8489|0
8490|4
8491|576
8492|0
8493|3
8494|2
8495|0
8496|3
8497|11
8498|8
8499|4
8500|0
8501|2
8502|0
8503|0
8504|56
8505|3
8506|0
8507|0
8508|0
8509|0
8510|0
8511|0
8512|0
8513|0
8514|0
8515|0
8516|0
8517|0
8518|0
8519|0
8520|0
8521|0
8522|0
8523|0
8524|3
8525|0
8526|0
8527|0
8528|0
8529|0
8530|0
8531|0
8532|0
8533|0
8534|0
8535|1
8536|0
8537|0
8538|0
8539|1
8540|0
8541|0
8542|23
8543|0
8544|4
8545|1
8546|91
8547|239
8548|337
8549|7
8550|142
8551|3
8552|0
8553|1
8554|0
8555|29
8556|0
8557|0
8558|0
8559|0
8560|0
8561|1
8562|88
8563|0
8564|0
8565|1
8566|2
8567|1
8568|58
8569|63
8570|0
8571|0
8572|0
8573|703
8574|0
8575|102
8576|145
8577|130
8578|0
8579|0
8580|0
8581|3
8582|0
8583|1
8584|0
8585|0
8586|0
8587|0
8588|0
8589|0
8590|2
8591|0
8592|0
8593|0
8594|0
8595|0
8596|4
8597|0
8598|0
8599|231
8600|235
8601|0
8602|0
8603|0
8604|0
8605|378
8606|1063
8607|1063
8608|204
8609|2
8610|0
8611|183
8612|417
8613|1061
8614|516
8615|417
8616|183
8617|225
8618|50
8619|417
8620|417
8621|0
8622|0
8623|0
8624|0
8625|0
8626|2
8627|2
8628|1
8629|2
8630|5
8631|3
8632|183
8633|404
8634|0
8635|329
8636|208
8637|325
8638|0
8639|0
8640|3
8641|0
8642|0
8643|0
8644|91
8645|0
8646|23
8647|91
8648|275
8649|0
8650|183
8651|104
8652|18
8653|5
8654|0
8655|396
8656|592
8657|0
8658|0
8659|0
8660|6
8661|0
8662|89
8663|0
8664|111
8665|62
8666|47
8667|55
8668|0
8669|0
8670|10
8671|1
8672|33
8673|9
8674|0
8675|0
8676|140
8677|0
8678|0
8679|0
8680|229
8681|422
8682|96
8683|0
8684|0
8685|0
8686|0
8687|0
8688|0
8689|0
8690|0
8691|0
8692|0
8693|417
8694|0
8695|0
8696|179
8697|265
8698|90
8699|91
8700|0
8701|0
8702|0
8703|0
8704|0
8705|0
8706|0
8707|0
8708|0
8709|0
8710|0
8711|0
8712|0
8713|0
8714|0
8715|0
8716|34
8717|0
8718|0
8719|0
8720|0
8721|0
8722|0
8723|0
8724|0
8725|0
8726|0
8727|0
8728|0
8729|0
8730|1
8731|104
8732|9
8733|0
8734|0
8735|0
8736|0
8737|37
8738|0
8739|0
8740|0
8741|0
8742|0
8743|0
8744|13
8745|0
8746|0
8747|1
8748|1
8749|0
8750|0
8751|22
8752|0
8753|0
8754|0
8755|0
8756|0
8757|0
8758|0
8759|10
8760|0
8761|13
8762|0
8763|0
8764|0
8765|0
8766|0
8767|21
8768|0
8769|0
8770|0
8771|0
8772|18
8773|0
8774|12
8775|0
8776|0
8777|0
8778|0
8779|0
8780|0
8781|0
8782|0
8783|0
8784|0
8785|0
8786|0
8787|0
8788|0
8789|0
8790|0
8791|0
8792|0
8793|0
8794|0
8795|0
8796|0
8797|13
8798|6
8799|0
8800|0
8801|0
8802|0
8803|0
8804|9
8805|0
8806|0
8807|1
8808|0
8809|0
8810|34
8811|0
8812|0
8813|0
8814|0
8815|45
8816|0
8817|32
8818|0
8819|143
8820|24
8821|0
8822|2
8823|0
8824|0
8825|0
8826|0
8827|0
8828|0
8829|0
8830|0
8831|1
8832|1
8833|0
8834|0
8835|0
8836|0
8837|0
8838|0
8839|0
8840|0
8841|0
8842|0
8843|0
8844|0
8845|0
8846|6
8847|0
8848|0
8849|0
8850|52
8851|25
8852|0
8853|0
8854|0
8855|0
8856|0
8857|0
8858|0
8859|0
8860|0
8861|0
8862|0
8863|1
8864|0
8865|0
8866|0
8867|88
8868|102
8869|0
8870|0
8871|34
8872|14
8873|0
8874|1
8875|0
8876|0
8877|18
8878|0
8879|0
8880|0
8881|0
8882|0
8883|8
8884|10
8885|0
8886|0
8887|0
8888|0
8889|0
8890|17
8891|0
8892|123
8893|0
8894|0
8895|0
8896|0
8897|0
8898|0
8899|0
8900|52
8901|0
8902|13
8903|0
8904|0
8905|0
8906|0
8907|0
8908|12
8909|2
8910|1
8911|33
8912|0
8913|0
8914|0
8915|0
8916|0
8917|0
8918|0
8919|0
8920|0
8921|0
8922|1
8923|0
8924|0
8925|0
8926|21
8927|0
8928|0
8929|0
8930|0
8931|0
8932|0
8933|0
8934|0
8935|0
8936|0
8937|0
8938|0
8939|0
8940|0
8941|0
8942|0
8943|0
8944|0
8945|0
8946|0
8947|0
8948|0
8949|0
8950|0
8951|0
8952|0
8953|0
8954|0
8955|0
8956|12
8957|0
8958|0
8959|2
8960|0
8961|0
8962|0
8963|0
8964|0
8965|0
8966|1
8967|0
8968|1
8969|0
8970|0
8971|0
8972|0
8973|0
8974|0
8975|18
8976|1
8977|0
8978|8
8979|0
8980|1
8981|0
8982|1
8983|0
8984|0
8985|0
8986|0
8987|2
8988|0
8989|0
8990|1
8991|5
8992|0
8993|0
8994|0
8995|0
8996|0
8997|0
8998|0
8999|0
9000|0
9001|0
9002|2
9003|0
9004|0
9005|1
9006|0
9007|0
9008|0
9009|0
9010|0
9011|0
9012|0
9013|0
9014|0
9015|0
9016|3
9017|57
9018|134
9019|99
9020|46
9021|0
9022|0
9023|0
9024|0
9025|0
9026|1
9027|0
9028|46
9029|34
9030|49
9031|0
9032|0
9033|0
9034|10
9035|1
9036|0
9037|0
9038|0
9039|0
9040|1
9041|0
9042|0
9043|3
9044|0
9045|0
9046|0
9047|0
9048|0
9049|0
9050|0
9051|0
9052|4
9053|0
9054|0
9055|0
9056|0
9057|0
9058|9
9059|0
9060|1
9061|12
9062|34
9063|12
9064|26
9065|2
9066|0
9067|0
9068|2
9069|0
9070|0
9071|0
9072|0
9073|0
9074|1
9075|27
9076|52
9077|0
9078|0
9079|0
9080|4
9081|0
9082|0
9083|0
9084|0
9085|0
9086|0
9087|41
9088|13
9089|0
9090|0
9091|0
9092|1
9093|0
9094|0
9095|0
9096|0
9097|0
9098|0
9099|0
9100|0
9101|0
9102|0
9103|0
9104|0
9105|0
9106|0
9107|0
9108|0
9109|3
9110|0
9111|36
9112|0
9113|0
9114|0
9115|0
9116|0
9117|0
9118|0
9119|0
9120|0
9121|8
9122|0
9123|0
9124|0
9125|0
9126|0
9127|0
9128|0
9129|0
9130|0
9131|0
9132|21
9133|0
9134|1
9135|0
9136|0
9137|0
9138|2
9139|0
9140|0
9141|0
9142|0
9143|0
9144|0
9145|0
9146|0
9147|1
9148|0
9149|1
9150|141
9151|0
9152|21
9153|0
9154|0
9155|0
9156|0
9157|0
9158|15
9159|0
9160|0
9161|0
9162|1
9163|28
9164|0
9165|0
9166|1
9167|0
9168|0
9169|0
9170|0
9171|0
9172|0
9173|0
9174|0
9175|0
9176|0
9177|0
9178|0
9179|0
9180|0
9181|0
9182|0
9183|0
9184|0
9185|0
9186|0
9187|0
9188|0
9189|8
9190|0
9191|0
9192|22
9193|0
9194|0
9195|67
9196|0
9197|255
9198|0
9199|0
9200|169
9201|98
9202|1
9203|151
9204|5
9205|0
9206|0
9207|1
9208|0
9209|0
9210|0
9211|2
9212|0
9213|2
9214|0
9215|0
9216|1
9217|0
9218|0
9219|0
9220|0
9221|0
9222|12
9223|0
9224|6
9225|0
9226|1
9227|0
9228|0
9229|0
9230|0
9231|9
9232|4
9233|0
9234|0
9235|20
9236|17
9237|13
9238|21
9239|0
9240|0
9241|0
9242|24
9243|0
9244|21
9245|0
9246|6
9247|2
9248|33
9249|36
9250|40
9251|40
9252|11
9253|1
9254|0
9255|0
9256|0
9257|0
9258|0
9259|0
9260|0
9261|0
9262|2
9263|0
9264|1
9265|0
9266|1
9267|0
9268|6
9269|151
9270|0
9271|0
9272|0
9273|0
9274|0
9275|0
9276|0
9277|0
9278|0
9279|0
9280|0
9281|0
9282|0
9283|0
9284|12
9285|0
9286|0
9287|0
9288|0
9289|0
9290|0
9291|0
9292|0
9293|0
9294|0
9295|0
9296|0
9297|0
9298|2
9299|2
9300|0
9301|0
9302|0
9303|0
9304|0
9305|0
9306|0
9307|0
9308|0
9309|0
9310|0
9311|0
9312|0
9313|0
9314|0
9315|0
9316|0
9317|0
9318|0
9319|0
9320|0
9321|13
9322|0
9323|0
9324|0
9325|14
9326|0
9327|0
9328|0
9329|10
9330|0
9331|0
9332|0
9333|0
9334|1
9335|2
9336|1
9337|13
9338|0
9339|1
9340|0
9341|2
9342|108
9343|0
9344|19
9345|0
9346|0
9347|2
9348|22
9349|53
9350|0
9351|254
9352|22
9353|14
9354|14
9355|0
9356|22
9357|0
9358|16
9359|0
9360|0
9361|0
9362|18
9363|0
9364|47
9365|0
9366|0
9367|14
9368|1
9369|0
9370|0
9371|0
9372|84
9373|0
9374|4
9375|10
9376|0
9377|0
9378|0
9379|0
9380|0
9381|0
9382|0
9383|0
9384|0
9385|0
9386|0
9387|0
9388|0
9389|0
9390|0
9391|0
9392|31
9393|14
9394|33
9395|14
9396|0
9397|11
9398|23
9399|0
9400|13
9401|23
9402|11
9403|0
9404|26
9405|22
9406|1
9407|17
9408|33
9409|1
9410|31
9411|163
9412|19
9413|9
9414|12
9415|1
9416|0
9417|1
9418|1
9419|0
9420|0
9421|0
9422|0
9423|0
9424|0
9425|0
9426|0
9427|0
9428|0
9429|0
9430|0
9431|0
9432|0
9433|0
9434|0
9435|0
9436|0
9437|0
9438|0
9439|0
9440|0
9441|0
9442|0
9443|0
9444|0
9445|0
9446|0
9447|0
9448|0
9449|0
9450|0
9451|0
9452|0
9453|0
9454|0
9455|0
9456|0
9457|0
9458|0
9459|1
9460|0
9461|0
9462|0
9463|0
9464|0
9465|6
9466|1
9467|6
9468|2
9469|0
9470|5
9471|0
9472|0
9473|0
9474|4
9475|19
9476|0
9477|34
9478|0
9479|0
9480|0
9481|0
9482|52
9483|9
9484|0
9485|0
9486|0
9487|2
9488|0
9489|21
9490|0
9491|33
9492|23
9493|0
9494|0
9495|8
9496|0
9497|0
9498|13
9499|0
9500|0
9501|0
9502|1
9503|0
9504|0
9505|2
9506|0
9507|0
9508|0
9509|1
9510|0
9511|0
9512|0
9513|0
9514|0
9515|2
9516|0
9517|0
9518|0
9519|0
9520|0
9521|0
9522|8
9523|1
9524|12
9525|0
9526|0
9527|0
9528|0
9529|0
9530|0
9531|0
9532|0
9533|0
9534|0
9535|0
9536|0
9537|2
9538|0
9539|22
9540|0
9541|37
9542|0
9543|0
9544|0
9545|21
9546|0
9547|0
9548|0
9549|0
9550|0
9551|34
9552|14
9553|0
9554|0
9555|0
9556|0
9557|0
9558|0
9559|0
9560|0
9561|0
9562|0
9563|0
9564|0
9565|0
9566|0
9567|0
9568|0
9569|0
9570|0
9571|0
9572|0
9573|0
9574|0
9575|0
9576|0
9577|0
9578|0
9579|0
9580|0
9581|0
9582|30
9583|1
9584|0
9585|1
9586|1
9587|0
9588|0
9589|0
9590|0
9591|0
9592|0
9593|0
9594|0
9595|0
9596|0
9597|0
9598|0
9599|0
9600|0
9601|0
9602|0
9603|0
9604|2
9605|0
9606|0
9607|0
9608|13
9609|1
9610|0
9611|10
9612|1
9613|0
9614|0
9615|0
9616|16
9617|0
9618|1
9619|1
9620|1
9621|0
9622|10
9623|0
9624|18
9625|0
9626|0
9627|0
9628|0
9629|0
9630|0
9631|10
9632|1
9633|34
9634|144
9635|0
9636|1
9637|1
9638|0
9639|0
9640|0
9641|2
9642|0
9643|0
9644|0
9645|0
9646|0
9647|0
9648|0
9649|0
9650|0
9651|1
9652|0
9653|0
9654|0
9655|0
9656|2
9657|0
9658|0
9659|0
9660|0
9661|0
9662|1
9663|1
9664|1
9665|0
9666|0
9667|0
9668|1
9669|1
9670|12
9671|0
9672|0
9673|0
9674|23
9675|0
9676|0
9677|2
9678|0
9679|2
9680|0
9681|0
9682|2
9683|6
9684|0
9685|1
9686|0
9687|0
9688|0
9689|0
9690|0
9691|13
9692|37
9693|0
9694|0
9695|0
9696|0
9697|0
9698|0
9699|0
9700|0
9701|0
9702|0
9703|0
9704|0
9705|0
9706|0
9707|0
9708|0
9709|0
9710|0
9711|0
9712|0
9713|0
9714|1
9715|0
9716|0
9717|2
9718|1
9719|0
9720|0
9721|1
9722|0
9723|0
9724|0
9725|0
9726|0
9727|0
9728|0
9729|0
9730|1
9731|2
9732|2
9733|0
9734|1
9735|4
9736|1
9737|0
9738|0
9739|0
9740|102
9741|0
9742|0
9743|0
9744|0
9745|0
9746|0
9747|0
9748|2
9749|0
9750|0
9751|0
9752|0
9753|0
9754|0
9755|0
9756|0
9757|0
9758|2
9759|0
9760|0
9761|0
9762|0
9763|0
9764|1
9765|0
9766|0
9767|0
9768|0
9769|0
9770|0
9771|0
9772|0
9773|0
9774|0
9775|0
9776|0
9777|0
9778|0
9779|1
9780|0
9781|8
9782|0
9783|63
9784|0
9785|0
9786|62
9787|1
9788|0
9789|0
9790|0
9791|9
9792|0
9793|0
9794|10
9795|0
9796|0
9797|0
9798|0
9799|0
9800|0
9801|0
9802|0
9803|0
9804|0
9805|0
9806|0
9807|0
9808|0
9809|0
9810|0
9811|0
9812|0
9813|2
9814|0
9815|0
9816|1
9817|0
9818|0
9819|0
9820|0
9821|15
9822|0
9823|0
9824|0
9825|0
9826|0
9827|0
9828|0
9829|40
9830|3
9831|29
9832|39
9833|0
9834|0
9835|0
9836|1
9837|0
9838|0
9839|25
9840|81
9841|0
9842|1
9843|0
9844|1
9845|0
9846|0
9847|6
9848|0
9849|0
9850|0
9851|0
9852|3
9853|2
9854|6
9855|0
9856|0
9857|1
9858|0
9859|0
9860|2
9861|4
9862|0
9863|1
9864|0
9865|0
9866|0
9867|0
9868|0
9869|0
9870|1
9871|0
9872|0
9873|0
9874|0
9875|13
9876|1
9877|0
9878|0
9879|0
9880|0
9881|5
9882|36
9883|15
9884|8
9885|13
9886|0
9887|0
9888|0
9889|0
9890|1
9891|0
9892|0
9893|0
9894|0
9895|0
9896|0
9897|0
9898|2
9899|23
9900|0
9901|2
9902|11
9903|0
9904|10
9905|0
9906|1
9907|2
9908|1
9909|3
9910|12
9911|0
9912|0
9913|0
9914|0
9915|0
9916|0
9917|0
9918|0
9919|0
9920|15
9921|1
9922|14
9923|14
9924|2
9925|10
9926|0
9927|2
9928|3
9929|10
9930|54
9931|42
9932|38
9933|34
9934|13
9935|14
9936|15
9937|0
9938|0
9939|1
9940|0
9941|18
9942|0
9943|0
9944|14
9945|2
9946|13
9947|0
9948|10
9949|1
9950|0
9951|12
9952|10
9953|0
9954|0
9955|0
9956|0
9957|12
9958|13
9959|21
9960|21
9961|10
9962|2
9963|12
9964|4
9965|26
9966|1
9967|12
9968|26
9969|0
9970|0
9971|13
9972|16
9973|2
9974|13
9975|13
9976|12
9977|13
9978|3
9979|21
9980|43
9981|0
9982|13
9983|0
9984|1
9985|0
9986|0
9987|0
9988|0
9989|0
9990|2
9991|0
9992|0
9993|0
9994|1
9995|2
9996|0
9997|26
9998|9
9999|9
10000|1
10001|0
10002|0
10003|0
10004|0
10005|0
10006|0
10007|3
10008|0
10009|0
10010|0
10011|0
10012|0
10013|0
10014|0
10015|0
10016|0
10017|9
10018|0
10019|0
10020|0
10021|0
10022|0
10023|0
10024|0
10025|0
10026|0
10027|0
10028|0
10029|1
10030|1
10031|0
10032|0
10033|0
10034|0
10035|0
10036|0
10037|0
10038|5
10039|8
10040|0
10041|0
10042|0
10043|0
10044|0
10045|0
10046|0
10047|0
10048|0
10049|0
10050|22
10051|0
10052|0
10053|0
10054|8
10055|0
10056|0
10057|0
10058|8
10059|0
10060|0
10061|0
10062|0
10063|0
10064|0
10065|0
10066|40
10067|4
10068|33
10069|0
10070|2
10071|0
10072|2
10073|0
10074|4
10075|0
10076|0
10077|0
10078|0
10079|0
10080|2
10081|0
10082|0
10083|74
10084|0
10085|0
10086|57
10087|40
10088|60
10089|104
10090|0
10091|0
10092|33
10093|96
10094|0
10095|0
10096|0
10097|0
10098|23
10099|21
10100|0
10101|13
10102|0
10103|0
10104|0
10105|0
10106|13
10107|0
10108|0
10109|0
10110|0
10111|18
10112|2
10113|2
10114|2
10115|2
10116|0
10117|0
10118|1
10119|5
10120|2
10121|0
10122|33
10123|33
10124|31
10125|55
10126|35
10127|37
10128|33
10129|10
10130|37
10131|20
10132|38
10133|39
10134|36
10135|33
10136|38
10137|40
10138|38
10139|39
10140|34
10141|37
10142|34
10143|33
10144|10
10145|41
10146|0
10147|0
10148|18
10149|0
10150|0
10151|10
10152|12
10153|0
10154|10
10155|11
10156|13
10157|14
10158|0
10159|0
10160|0
10161|1
10162|13
10163|22
10164|17
10165|0
10166|10
10167|0
10168|0
10169|0
10170|0
10171|14
10172|0
10173|0
10174|0
10175|2
10176|2
10177|0
10178|9
10179|0
10180|0
10181|0
10182|0
10183|0
10184|0
10185|0
10186|0
10187|0
10188|0
10189|0
10190|0
10191|0
10192|0
10193|0
10194|0
10195|0
10196|1
10197|0
10198|0
10199|7
10200|0
10201|0
10202|0
10203|1
10204|0
10205|0
10206|0
10207|15
10208|15
10209|14
10210|0
10211|0
10212|0
10213|0
10214|0
10215|0
10216|0
10217|0
10218|0
10219|0
10220|0
10221|0
10222|0
10223|0
10224|0
10225|0
10226|0
10227|3
10228|0
10229|0
10230|0
10231|0
10232|4
10233|2
10234|1
10235|21
10236|31
10237|2
10238|19
10239|1
10240|2
10241|0
10242|0
10243|0
10244|0
10245|0
10246|0
10247|0
10248|0
10249|13
10250|0
10251|15
10252|0
10253|0
10254|0
10255|0
10256|0
10257|0
10258|0
10259|11
10260|0
10261|0
10262|0
10263|19
10264|6
10265|8
10266|6
10267|13
10268|0
10269|0
10270|0
10271|0
10272|0
10273|0
10274|0
10275|0
10276|0
10277|0
10278|0
10279|0
10280|0
10281|0
10282|0
10283|0
10284|0
10285|2
10286|1
10287|0
10288|1
10289|0
10290|10
10291|0
10292|4
10293|0
10294|0
10295|0
10296|0
10297|4
10298|0
10299|6
10300|0
10301|0
10302|0
10303|0
10304|0
10305|0
10306|0
10307|0
10308|0
10309|0
10310|7
10311|0
10312|0
10313|0
10314|0
10315|0
10316|0
10317|0
10318|0
10319|0
10320|0
10321|0
10322|18
10323|0
10324|0
10325|0
10326|0
10327|40
10328|0
10329|33
10330|18
10331|0
10332|8
10333|27
10334|0
10335|18
10336|0
10337|84
10338|34
10339|84
10340|84
10341|84
10342|84
10343|84
10344|96
10345|84
10346|52
10347|68
10348|96
10349|40
10350|7
10351|6
10352|0
10353|0
10354|13
10355|1
10356|0
10357|0
10358|0
10359|0
10360|0
10361|0
10362|0
10363|0
10364|0
10365|0
10366|0
10367|0
10368|0
10369|0
10370|23
10371|8
10372|9
10373|51
10374|56
10375|50
10376|51
10377|33
10378|39
10379|38
10380|40
10381|34
10382|34
10383|0
10384|17
10385|0
10386|0
10387|0
10388|0
10389|0
10390|0
10391|0
10392|0
10393|0
10394|0
10395|0
10396|0
10397|0
10398|0
10399|0
10400|0
10401|0
10402|0
10403|0
10404|0
10405|0
10406|0
10407|0
10408|0
10409|6
10410|0
10411|0
10412|0
10413|0
10414|0
10415|0
10416|0
10417|0
10418|0
10419|0
10420|0
10421|0
10422|0
10423|13
10424|13
10425|18
10426|13
10427|15
10428|8
10429|10
10430|18
10431|0
10432|13
10433|20
10434|18
10435|14
10436|19
10437|14
10438|23
10439|13
10440|20
10441|0
10442|0
10443|0
10444|0
10445|0
10446|0
10447|0
10448|0
10449|0
10450|110
10451|0
10452|0
10453|0
10454|0
10455|0
10456|0
10457|0
10458|0
10459|0
10460|0
10461|0
10462|0
10463|0
